Nombre y tensión del nudo;Código de subestación;Comunidad Autónoma;POSICIONES;;;;;;CRITERIO DE POTENCIA DE CORTOCIRCUITO (WSCR);;;;CRITERIO ESTÁTICO DEMANDA;;;;CRITERIO ESTÁTICO ALMACENAMIENTO;;;CRITERIO DINÁMICO 1;CRITERIO DINÁMICO 2;SITUACIÓN NUDO CAPACIDAD DE ACCESO OTORGADA;;;;;;;;;;;;;;;SITUACIÓN NUDO CAPACIDAD DE ACCESO EN CURSO Y PENDIENTE DE RESOLVER;;MARGEN CAPACIDAD DE ACCESO TOTAL PARA CONEXIÓN A LA RDT;;;;;CRITERIOS LIMITANTES;;;;;CAPACIDAD DE ACCESO NO OTORGABLE EN RDT;;;;;;CAPACIDAD DE ACCESO DISPONIBLE PARA SOLICITUDES CRITERIO GENERAL;;;;;Nudo de concurso;Normativa específica reguladora de la concesión de la capacidad de acceso
;;;Gen/Alm a la red de transporte;;Consumo a la red de transporte;;A red de distribución;;Capacidad de acceso nodal;Binudos;Afección de CS a seguridad del sistema;Margen no ocupado;Capacidad de acceso nodal; Zona con capacidad compartida a la que pertenece el nudo;Margen no ocupado;Limitaciones temporales de acceso por configuración de la subestación;Capacidad de acceso nodal; Zona con capacidad compartida a la que pertenece el nudo;Margen no ocupado;Margen no ocupado;Margen no ocupado;Capacidad de acceso para consumo en la RdD (valor de referencia);Estado acuerdo sobre capacidad de acceso para consumo en la RdD (valor de referencia);Capacidad de acceso otorgada a demanda adicional al valor de referencia;Capacidad de acceso otorgada demanda CEP con afección a WSCR;Capacidad de acceso otorgada demanda RdT;Capacidad de acceso demanda con aceptabilidad RdD;Capacidad de acceso demanda con aceptabilidad RdD no incluida en el valor de referencia;Capacidad de acceso otorgada almacenamiento adicional al valor de referencia;Capacidad de acceso otorgada almacenamiento RdT;Capacidad de acceso almacenamiento con aceptabilidad RdD;Capacidad de acceso  almacenamiento con aceptabilidad RdD no incluida en el valor de referencia;Capacidad de acceso otorgada demanda CH RdT;Capacidad de acceso otorgada demanda SH RdT;Capacidad de acceso CH con aceptabilidad en RdD;Capacidad de acceso SH con aceptabilidad en RdD;Capacidad de acceso solicitada en curso y pendiente resolver demanda RdT;Capacidad de acceso solicitada en curso y pendiente resolver almacenamiento RdT;DEMANDA;;;ALMACENAMIENTO;;DEMANDA;;;ALMACENAMIENTO;;DEMANDA;;;ALMACENAMIENTO;;Motivo capacidad no otorgable en RdT;DEMANDA;;;ALMACENAMIENTO;;;
;;;;;;;;;;;;;;;;;;;;;;;;;;;;;;;;;;;;;;;CEP;;NO CEP;CEP (MPE);NO CEP (MGES);CEP;;NO CEP;CEP (MPE);NO CEP (MGES);CEP;;NO CEP;CEP (MPE);NO CEP (MGES);;CEP;;NO CEP;CEP (MPE);NO CEP (MGES);;
;;;E;P;E;P;E;P;;;;;;;;;;;;;;;;;;;;;;;;;;;;;;;CH;SH;;;;CH;SH;;;;CH;SH;;;;;CH;SH;;;;;
ABADES 400;52065;Castilla y León;;1;;;;;250; N/A ;  ;71;1037;N/A;859;No;2029;N/A;1851;0;0;0;N/A;179;179;179;0;0;0;0;0;0;0;179;0;0;0;0;0;0;0;0;0;Din1_Zona;Din2_Zona;Din1_Zona;Din1_Zona;Din1_Zona;0;0;0;0;0;;0;0;0;0;0;;
ABADES 220;52065;Castilla y León;;;;;;;124; N/A ;  ;124;570;N/A;570;No ;840;N/A;840;0;0;0;N/A;0;0;0;0;0;0;0;0;0;0;0;0;0;0;0;0;0;0;0;0;Din1_Zona;Din2_Zona;Din1_Zona;Din1_Zona;Din1_Zona;0;0;0;0;0;;0;0;0;0;0;;
ABADIANO 220;50000;País Vasco;;;1;;2;;538; N/A ;  ;538;442;N/A;0;Si. Caso b);778;N/A;336;863;0;425;SI;17;0;17;0;0;0;0;0;0;17;0;0;0;0;0;0;0;0;336;336;Est_Dem_Nudo;Din2_Zona;Est_Dem_Nudo;Est_Alm_Nudo;Est_Alm_Nudo;0;0;0;0;0;;0;0;0;336;336;;
ABANILLA 400;52072;Región de Murcia;;1;;;;;753; N/A ;  ;753;1184;N/A;1184;No;1759;N/A;1759;855;0;0;N/A;0;0;0;0;0;0;0;0;0;0;0;0;0;0;0;753;0;855;855;855;WSCR_Nudo;Din2_Zona;Din1_Zona;Din1_Zona;Din1_Zona;0;0;0;0;0;;753;0;855;855;855;;
ABANTO 400;50001;País Vasco;;;;1;;1;1.310; N/A ;  ;1.180;1206;N/A;776;No;2612;N/A;2182;0;0;300;SI;130;130;130;0;0;0;0;0;0;0;130;0;0;0;0;0;0;0;0;0;Din1_Zona;Din2_Zona;Din1_Zona;Din1_Zona;Din1_Zona;0;0;0;0;0;;0;0;0;0;0;;
ABEGONDO 400;50700;Galicia;;;;;;;470; N/A ;  ;470;1045;N/A;1045;No;1557;N/A;1557;841;0;0;N/A;0;0;0;0;0;0;0;0;0;0;0;0;0;0;0;470;0;841;841;841;WSCR_Nudo;Din2_Zona;Din1_Zona;Din1_Zona;Din1_Zona;0;0;0;0;0;;470;0;841;841;841;;
ABEGONDO 220;50700;Galicia;;1;;;;;135; N/A ;  ;135;570;N/A;570;No;842;N/A;842;841;0;0;N/A;0;0;0;0;0;0;0;0;0;0;0;0;0;0;0;135;0;570;841;841;WSCR_Nudo;Din2_Zona;Est_Dem_Nudo;Din1_Zona;Din1_Zona;0;0;0;0;0;;135;0;570;841;841;;
ABONA 220;50701;Canarias;;2;;;;;36; N/A ;  ;36;148;N/A;148;No;229;N/A;229;0;0;0;N/A;0;0;0;0;0;0;0;0;0;0;0;0;0;0;0;0;0;0;0;0;Din1_Zona;Din2_Zona;Din1_Zona;Din1_Zona;Din1_Zona;0;0;0;0;0;;0;0;0;0;0;;
ABONA 66;50701;Canarias;1;1;;1;;;0; N/A ;  ;0;144;E10_SEC;104;No;191;E10_SEC;152;69;0;0;N/A;0;0;0;0;0;0;0;0;0;0;0;0;0;0;0;0;0;69;69;69;WSCR_Nudo;WSCR_Nudo/Din2_Zona;Din1_Zona;Din1_Zona;Din1_Zona;0;0;0;0;0;;0;0;69;69;69;;
ABRERA 220;50002;Cataluña;;;;2;3;;251; N/A ;  ;251;235;E205_SEPE;;Si. Caso b);274;E205_SEPE;0;541;0;;NO;85;0;85;0;0;0;0;0;0;85;0;0;0;0;0;;;;;;;;;;;;;;;;Valor de referencia no acordado. ;;;;;;;
ACECA 220;50003;Castilla-La Mancha;2;;;;2;1;928; N/A ;  ;751;831;N/A;92;No;1248;N/A;509;0;0;562;SI;177;177;177;0;0;0;0;0;0;0;177;0;0;0;0;0;0;0;0;0;Din1_Zona;Din2_Zona;Din1_Zona;Din1_Zona;Din1_Zona;0;0;0;0;0;;0;0;0;0;0;;
ADRALL 220;50004;Cataluña;;;;;1;1;220; N/A ;  ;220;49;E209_SEPE;;Si. Caso b);166;E209_SEPE;0;1165;0;;NO;0;0;0;0;0;0;0;0;0;0;0;0;0;0;0;;;;;;;;;;;;;;;;Valor de referencia no acordado. Valor de referencia no acordado en la zona estática. ;;;;;;;
AENA 220;50005;Comunidad de Madrid;;1;;;2;;731; N/A ;  ;731;25;N/A;;No;25;N/A;0;0;0;;NO;0;0;0;0;0;0;0;0;0;0;0;0;0;0;0;;;;;;;;;;;;;;;;Valor de referencia no acordado. ;;;;;;;
AENA OESTE 220;50006;Cataluña;;;1;;;;683; N/A ;  ;683;133;E290_SEPE, E402_SEPE;;No;273;E290_SEPE, E402_SEPE;0;0;0;0;N/A;60;0;60;0;0;0;0;0;0;60;0;0;0;0;0;;;;;;;;;;;;;;;;Valor de referencia no acordado en la zona estática. ;;;;;;;
AEROPUERTO BARCELONA 220;50007;Cataluña;;;1;;3;;691; N/A ;  ;691;88;E290_SEPE, E402_SEPE;;No;273;E290_SEPE, E402_SEPE;0;0;0;;NO;0;0;0;0;0;0;0;0;0;0;0;0;0;0;0;;;;;;;;;;;;;;;;Valor de referencia no acordado. Valor de referencia no acordado en la zona estática. ;;;;;;;
AGUACATE 220;50008;Comunidad de Madrid;;;;;3;;900; N/A ;  ;900;27;E213_SEPE, E373_SEPE;;No;493;E213_SEPE, E373_SEPE;0;0;0;;NO;0;0;0;0;0;11;0;11;0;0;0;0;0;0;0;;;;;;;;;;;;;;;;Valor de referencia no acordado. Valor de referencia no acordado en la zona estática. ;;;;;;;
AGUAYO 400;50009;Cantabria;1;1;;;;;648; N/A ;  ;648;1148;N/A;768;No;1762;N/A;768;0;0;0;N/A;0;0;0;0;0;994;994;0;0;0;0;0;0;0;0;0;0;0;0;0;Din1_Zona;Din2_Zona;Din1_Zona;Din1_Zona;Din1_Zona;0;0;0;0;0;;0;0;0;0;0;;
AGUAYO 220;50009;Cantabria;2;1;1;;;;460; N/A ;  ;460;1022;N/A;960;No;1331;N/A;960;423;0;0;N/A;9;0;9;0;0;362;362;0;0;9;0;0;0;0;0;423;0;423;423;423;Din1_Zona;Din2_Zona;Din1_Zona;Din1_Zona;Din1_Zona;0;0;0;0;0;;423;0;423;423;423;;
AGÜIMES 66;50702;Canarias;1;;;;;;22; N/A ;  ;22;53;E08_SEC;;No;63;E08_SEC;2;43;0;0;N/A;0;0;0;0;0;0;0;0;0;0;0;0;0;0;0;;;;;;;;;;;;;;;;Valor de referencia no acordado en la zona estática. ;;;;;;;
ALARCOS 220;50010;Castilla-La Mancha;;1;;;4;;207; N/A ;  ;207;490;N/A;130;No;651;N/A;291;1096;0;360;SI;0;0;0;0;0;0;0;0;0;0;0;0;0;0;0;130;0;130;291;291;Est_Dem_Nudo;Din2_Zona;Est_Dem_Nudo;Est_Alm_Nudo;Est_Alm_Nudo;0;0;0;0;0;;130;0;130;291;291;;
ALBAL 220;50011;Comunidad Valenciana;;;;;2;;647; N/A ;  ;647;72;N/A;0;No;306;N/A;234;1042;0;72;SI;0;0;0;0;0;0;0;0;0;0;0;0;0;0;0;0;0;0;234;234;Est_Dem_Nudo;Est_Dem_Nudo/Din2_Zona;Est_Dem_Nudo;Est_Alm_Nudo;Est_Alm_Nudo;0;0;0;0;0;;0;0;0;234;234;;
ALBARELLOS 220;50012;Galicia;2;;;;2;;1; N/A ;  ;1;272;E1_SEPE;262;Si. Caso b);290;E1_SEPE;280;1274;0;10;SI;0;0;0;0;0;0;0;0;0;0;0;0;0;0;13;1;0;262;280;280;WSCR_Nudo;Din2_Zona;Est_Dem_Nudo;Est_Alm_Nudo;Est_Alm_Nudo;0;0;0;0;0;;1;0;262;280;280;;
ALBATARREC 220;50013;Cataluña;;1;;;2;;324; N/A ;  ;324;94;E204_SEPE;;No;186;E204_SEPE;37;0;0;;NO;0;0;0;0;0;9;9;0;0;0;0;0;0;0;0;;;;;;;;;;;;;;;;Valor de referencia no acordado. ;;;;;;;
ALCIRA 220;50014;Comunidad Valenciana;;;;;3;;114; N/A ;  ;114;500;E240_SEPE;;Si. Caso b);722;E240_SEPE;78;665;0;;NO;0;0;0;0;0;0;0;0;0;0;0;0;0;0;0;;;;;;;;;;;;;;;;Valor de referencia no acordado. Valor de referencia no acordado en la zona estática. ;;;;;;;
ALCOBENDAS 220;50015;Comunidad de Madrid;;;;;3;;394; N/A ;  ;394;396;N/A;279;No;894;N/A;777;0;0;117;SI;0;0;0;0;0;0;0;0;0;0;0;0;0;0;0;0;0;0;0;0;Din1_Zona;Din2_Zona;Din1_Zona;Din1_Zona;Din1_Zona;0;0;0;0;0;;0;0;0;0;0;;
ALCOCERO DE MOLA 220;50016;Castilla y León;2;1;;;;1;1; N/A ;  ;1;646;E178_SEPE;517;No;945;E178_SEPE;564;1249;0;100;SI;0;0;0;0;0;50;50;0;0;0;0;0;0;0;477;1;0;517;564;564;WSCR_Nudo;Din2_Zona;Est_Dem_Zona;Est_Alm_Zona;Est_Alm_Zona;0;0;0;0;0;;1;0;517;564;564;;
ALCORES 220;50017;Andalucía;;;;;4;;70; N/A ;  ;70;195;E42_SEPE;;No ;511;E42_SEPE;46;1021;0;;NO;0;0;0;0;0;5;0;5;0;0;0;0;0;0;0;;;;;;;;;;;;;;;;Valor de referencia no acordado. Valor de referencia no acordado en la zona estática. ;;;;;;;
ALCUDIA BALEARES 66;50018;Islas Baleares;;;;;3;;29; N/A ; Riesgo interacciones ;29;51;N/A;;No;57;N/A;0;0;0;;NO;0;0;0;0;0;30;0;30;0;0;0;0;0;0;0;;;;;;;;;;;;;;;;Valor de referencia no acordado. ;;;;;;;
ALDAIA 220;50019;Comunidad Valenciana;;1;;;3;;569; N/A ;  ;569;182;E185_SEPE;0;No;423;E185_SEPE;241;1235;0;123;SI;0;0;0;0;0;0;0;0;0;0;0;0;0;0;0;0;0;0;241;241;Est_Dem_Zona;Din2_Zona;Est_Dem_Zona;Est_Alm_Zona;Est_Alm_Zona;0;0;0;0;0;;0;0;0;241;241;;
ALDEA BLANCA 66;50020;Canarias;1;;;;2;;13; N/A ;  ;13;50;E08_SEC;;No;64;E08_SEC;2;0;0;;NO;0;0;0;0;0;6;6;0;0;0;0;0;0;0;0;;;;;;;;;;;;;;;;Valor de referencia no acordado. Valor de referencia no acordado en la zona estática. ;;;;;;;
ALDEADAVILA 400;50021;Castilla y León;2;;;;;;1.209; N/A ;  ;1.209;1085;N/A;1085;No;3200;N/A;2772;0;0;0;N/A;0;0;0;0;0;428;428;0;0;0;0;0;0;0;0;0;0;0;0;0;Din1_Zona;Din2_Zona;Din1_Zona;Din1_Zona;Din1_Zona;0;0;0;0;0;;0;0;0;0;0;;
ALDEADAVILA 220;50021;Castilla y León;6;;;;;;860; N/A ;  ;860;1232;N/A;1232;No;1708;N/A;1708;711;0;0;N/A;0;0;0;0;0;0;0;0;0;0;0;0;0;0;0;711;0;711;711;711;Din1_Zona;Din2_Zona;Din1_Zona;Din1_Zona;Din1_Zona;0;0;0;0;0;;711;0;711;711;711;;
ALGECIRAS 220;50022;Andalucía;2;;;1;3;;700; N/A ;  ;700;249;N/A;33;No;1121;N/A;905;1121;0;216;SI;0;0;0;0;0;0;0;0;0;0;0;0;0;765;0;33;0;33;905;905;Est_Dem_Nudo;Din2_Zona;Est_Dem_Nudo;Est_Alm_Nudo;Est_Alm_Nudo;33;0;33;905;905;Nudo de concurso. ;0;0;0;0;0;SI;
ALGECIRAS 132;50022;Andalucía;;;;;;;44; N/A ;  ;44;150;E349_SEPE;150;No ;1121;E349_SEPE;1118;0;0;0;N/A;0;0;0;0;0;0;0;0;0;0;0;0;0;0;0;0;0;0;0;0;Din1_Zona;Din2_Zona;Din1_Zona;Din1_Zona;Din1_Zona;0;0;0;0;0;;0;0;0;0;0;;
ALGETE 220;50023;Comunidad de Madrid;;1;;2;1;;803; N/A ;  ;803;371;N/A;271;No;546;N/A;446;0;0;100;SI;0;0;0;0;0;0;0;0;0;0;0;0;0;465;0;0;0;0;0;0;Din1_Zona;Din2_Zona;Din1_Zona;Din1_Zona;Din1_Zona;0;0;0;0;0;;0;0;0;0;0;SI;
ALHAURIN 220;50024;Andalucía;;1;;;3;;448; N/A ;  ;448;185;E387_SEPE;;No;325;E387_SEPE;0;1099;0;;NO;0;0;0;0;0;0;0;0;0;0;0;0;0;0;0;;;;;;;;;;;;;;;;Valor de referencia no acordado. Valor de referencia no acordado en la zona estática. ;;;;;;;
ALI 220;50025;País Vasco;;;;;2;1;261; N/A ;  ;261;607;E335_SEPE;;Si. Caso b);787;E335_SEPE;645;831;0;;NO;0;0;0;0;0;0;0;0;0;0;0;0;0;0;0;;;;;;;;;;;;;;;;Valor de referencia no acordado. ;;;;;;;
ALJARAFE 220;50026;Andalucía;;;;;2;;487; N/A ;  ;487;126;E368_SEPE;;Si. Caso c);458;E368_SEPE;125;1026;0;;NO;0;0;0;0;0;0;0;0;0;0;0;0;0;0;0;;;;;;;;;;;;;;;;Valor de referencia no acordado. Valor de referencia no acordado en la zona estática. ;;;;;;;
ALMADEN 400;51411;Castilla-La Mancha;;;;;;;548; N/A ;  ;548;722;N/A;707;No ;987;N/A;972;1257;0;0;N/A;15;0;15;0;0;0;0;0;0;15;0;0;0;0;0;548;0;707;972;972;WSCR_Nudo;Din2_Zona;Est_Dem_Nudo;Est_Alm_Nudo;Est_Alm_Nudo;0;0;0;0;0;;548;0;707;972;972;;
ALMARAZ CN 400;50027;Extremadura;2;1;;;;;1.369; N/A ;  ;1.154;1992;N/A;1777;No ;3672;N/A;3063;0;0;0;N/A;215;215;215;0;0;394;394;0;0;0;215;0;0;0;0;0;0;0;0;0;Din1_Zona;Din2_Zona;Din1_Zona;Din1_Zona;Din1_Zona;0;0;0;0;0;;0;0;0;0;0;;
ALMARAZ CN 220;50027;Extremadura;;;;;;;507; N/A ;  ;507;310;N/A;310;Si. Caso c);966;N/A;966;539;0;0;N/A;0;0;0;0;0;0;0;0;0;0;0;0;0;0;0;310;0;310;539;539;Est_Dem_Nudo;Din2_Zona;Est_Dem_Nudo;Din1_Zona;Din1_Zona;0;0;0;0;0;;310;0;310;539;539;;
ALMARAZ E.T. 220;50028;Extremadura;3;1;;;2;;218; N/A ;  ;218;382;E16_SEPE;;No;552;E16_SEPE;0;539;0;;NO;0;0;0;0;0;0;0;0;0;0;0;0;0;0;0;;;;;;;;;;;;;;;;Valor de referencia no acordado. Valor de referencia no acordado en la zona estática. ;;;;;;;
ALMAZAN 400;50029;Castilla y León;1;;;;1;;153; N/A ;  ;128;794;N/A;469;Si. Caso a);1874;N/A;1521;1226;0;300;SI;25;25;25;0;0;28;28;0;0;0;25;0;0;0;0;128;0;469;1226;1226;WSCR_Nudo;Din2_Zona;Est_Dem_Nudo;Din1_Zona;Din1_Zona;0;0;0;0;0;;128;0;469;1226;1226;;
ALMENDRALES 400;51416;Aragón;2;3;;;;;737; N/A ;  ;737;0;N/A;0;Si. Caso a);609;N/A;609;0;0;0;N/A;0;0;0;0;0;0;0;0;0;0;0;0;0;0;0;0;0;0;0;0;Est_Dem_Nudo/Din1_Zona;Est_Dem_Nudo/Din2_Zona;Est_Dem_Nudo/Din1_Zona;Din1_Zona;Din1_Zona;0;0;0;0;0;;0;0;0;0;0;;
ALMODOVAR DEL RIO 220;50030;Andalucía;;1;;;;;212; N/A ;  ;212;44;E285_SEPE, E404_SEPE;;No;425;E285_SEPE, E404_SEPE;0;1113;0;0;N/A;45;0;45;0;0;142;142;0;0;45;0;0;0;0;50;;;;;;;;;;;;;;;;Valor de referencia no acordado en la zona estática. ;;;;;;;
AYALA (ALONSOTEGUI) 220;50031;País Vasco;;;;;1;;516; N/A ;  ;516;239;E9_SEPE;0;Si. Caso b);262;E9_SEPE;51;341;0;211;SI;0;0;0;0;0;0;0;0;0;0;0;0;0;0;0;0;0;0;51;51;Est_Dem_Zona;Din2_Zona;Est_Dem_Zona;Est_Alm_Nudo;Est_Alm_Nudo;0;0;0;0;0;;0;0;0;51;51;;
ALVARADO 220;50032;Extremadura;1;;;;3;;156; N/A ;  ;156;674;E348_SEPE, E384_SEPE;137;No;750;E348_SEPE, E384_SEPE;341;1232;0;140;SI;0;0;0;0;0;68;68;0;0;0;0;0;0;0;0;137;0;137;341;341;Est_Dem_Zona;Din2_Zona;Est_Dem_Zona;Est_Alm_Zona;Est_Alm_Zona;0;0;0;0;0;;137;0;137;341;341;;
AMOEIRO 220;50033;Galicia;;;;;;;375; N/A ;  ;375;166;E173_SEPE;131;No;304;E173_SEPE;193;1265;0;0;N/A;35;0;35;0;0;0;0;0;0;35;0;0;0;0;0;131;0;131;193;193;Est_Dem_Nudo;Din2_Zona;Est_Dem_Nudo;Est_Alm_Zona;Est_Alm_Zona;0;0;0;0;0;;131;0;131;193;193;;
AMOREBIETA 400;50034;País Vasco;3;;;;;;835; N/A ; Riesgo interacciones ;835;411;E394_SEPE;192;No ;1452;E394_SEPE;1131;465;0;0;N/A;0;0;0;0;0;0;0;0;0;0;0;0;0;0;0;192;0;192;465;465;Est_Dem_Zona;Din2_Zona;Est_Dem_Zona;Din1_Zona;Din1_Zona;0;0;0;0;0;;192;0;192;465;465;;
ANCHUELO 400;50035;Comunidad de Madrid;;1;;;;;430; N/A ;  ;224;1070;N/A;813;No ;2048;N/A;1792;0;0;0;N/A;257;206;257;0;0;0;0;0;0;51;206;0;0;0;0;0;0;0;0;0;Din1_Zona;Din2_Zona;Din1_Zona;Din1_Zona;Din1_Zona;0;0;0;0;0;;0;0;0;0;0;;
ANCHUELO 220;50035;Comunidad de Madrid;;1;;;;;135; N/A ;  ;135;570;E275_SEPE;533;No;769;E275_SEPE;769;0;0;0;N/A;0;0;0;0;0;0;0;0;0;0;0;0;0;26;0;0;0;0;0;0;Din1_Zona;Din2_Zona;Din1_Zona;Din1_Zona;Din1_Zona;0;0;0;0;0;;0;0;0;0;0;SI;
ANDRATX 66;50036;Islas Baleares;;;;;3;;35; N/A ; Riesgo interacciones ;35;49;N/A;;Si. Caso b);52;N/A;0;0;0;;NO;0;0;0;0;0;9;0;9;0;0;0;0;0;0;0;;;;;;;;;;;;;;;;Valor de referencia no acordado. ;;;;;;;
ANDUJAR 220;50037;Andalucía;;1;;;3;;469; N/A ;  ;469;115;N/A;;No;600;N/A;101;1261;0;;NO;0;0;0;0;0;0;0;0;0;0;0;0;0;0;0;;;;;;;;;;;;;;;;Valor de referencia no acordado. ;;;;;;;
ANOIA 220;50038;Cataluña;;1;;;2;;118; N/A ;  ;63;239;N/A;109;No;252;N/A;122;751;0;75;SI;55;55;55;0;0;0;0;0;0;0;55;0;0;0;0;63;0;109;122;122;WSCR_Nudo;Din2_Zona;Est_Dem_Nudo;Est_Alm_Nudo;Est_Alm_Nudo;0;0;0;0;0;;63;0;109;122;122;;
ANTAS 400;51369;Andalucía;;1;;;;;548; N/A ;  ;548;1657;N/A;1612;No ;2378;N/A;2333;652;0;0;N/A;45;0;45;0;0;0;0;0;0;45;0;0;0;0;0;548;0;652;652;652;WSCR_Nudo;Din2_Zona;Din1_Zona;Din1_Zona;Din1_Zona;0;0;0;0;0;;548;0;652;652;652;;
ANTONIO LEYVA 220;50039;Comunidad de Madrid;;;;;3;;901; N/A ;  ;901;64;E199_SEPE, E374_SEPE;;No;531;E199_SEPE, E374_SEPE;0;0;0;;NO;0;0;0;0;0;0;0;0;0;0;0;0;0;0;0;;;;;;;;;;;;;;;;Valor de referencia no acordado. Valor de referencia no acordado en la zona estática. ;;;;;;;
AÑOVER 220;50040;Castilla-La Mancha;;;;;;;652; N/A ;  ;652;50;N/A;8;Si. Caso b);425;N/A;383;0;0;0;N/A;43;0;43;0;0;0;0;0;0;43;0;0;0;0;0;0;0;0;0;0;Din1_Zona;Din2_Zona;Din1_Zona;Din1_Zona;Din1_Zona;0;0;0;0;0;;0;0;0;0;0;;
APARECIDA 400;50041;Castilla y León;2;;;;;;245; N/A ;  ;245;725;N/A;724;No ;1770;N/A;1770;637;0;0;N/A;0;0;0;0;0;0;0;0;0;0;0;0;0;0;0;245;0;637;637;637;WSCR_Nudo;Din2_Zona;Din1_Zona;Din1_Zona;Din1_Zona;0;0;0;0;0;;245;0;637;637;637;;
AQUA 220;50704;Comunidad Valenciana;;;;;4;;633; N/A ;  ;633;145;E184_SEPE, E340_SEPE;;No;536;E184_SEPE, E340_SEPE;0;1028;0;;NO;0;0;0;0;0;14;0;14;0;0;0;0;0;0;0;;;;;;;;;;;;;;;;Valor de referencia no acordado. Valor de referencia no acordado en la zona estática. ;;;;;;;
ARAGON 400;50042;Aragón;3;;;;;;700; N/A ;  ;257;1655;E399_SEPE;226;No;3395;E399_SEPE;2477;0;0;0;N/A;444;444;444;0;0;100;100;0;0;0;444;0;0;395;0;0;0;0;0;0;Din1_Zona;Din2_Zona;Din1_Zona;Din1_Zona;Din1_Zona;0;0;0;0;0;;0;0;0;0;0;;
ARAÑUELO 400;50043;Extremadura;1;;;2;;;942; N/A ;  ;942;2438;N/A;2416;No ;3091;N/A;3045;0;0;0;N/A;22;0;22;0;0;24;24;0;0;22;0;0;0;2970;0;0;0;0;0;0;Din1_Zona;Din2_Zona;Din1_Zona;Din1_Zona;Din1_Zona;0;0;0;0;0;;0;0;0;0;0;SI;
ARAVACA 220;50044;Comunidad de Madrid;;;;;3;;812; N/A ;  ;812;79;N/A;0;No;574;N/A;495;0;0;79;SI;0;0;0;0;0;30;0;30;0;0;0;0;0;0;0;0;0;0;0;0;Est_Dem_Nudo/Din1_Zona;Est_Dem_Nudo/Din2_Zona;Est_Dem_Nudo/Din1_Zona;Din1_Zona;Din1_Zona;0;0;0;0;0;;0;0;0;0;0;;
ARBILLERA 400;50705;Castilla y León;;1;;;;;603; N/A ;  ;603;641;N/A;628;No;1664;N/A;1651;861;0;0;N/A;14;0;14;0;0;0;0;0;0;14;0;0;0;0;0;603;0;628;861;861;WSCR_Nudo;Din2_Zona;Est_Dem_Nudo;Din1_Zona;Din1_Zona;0;0;0;0;0;;603;0;628;861;861;;
ARBILLERA 220;50705;Castilla y León;;1;;;;;283; N/A ;  ;283;242;N/A;242;No;565;N/A;534;1230;0;0;N/A;0;0;0;0;0;31;31;0;0;0;0;0;0;0;37;242;0;242;534;534;Est_Dem_Nudo;Din2_Zona;Est_Dem_Nudo;Est_Alm_Nudo;Est_Alm_Nudo;0;0;0;0;0;;242;0;242;534;534;;
ARCHIDONA 400;50045;Andalucía;;1;;;;;499; N/A ;  ;499;367;E308_SEPE;335;No ;1949;E308_SEPE;1916;707;0;0;N/A;33;0;33;0;0;0;0;0;0;33;0;0;0;1;29;335;0;335;707;707;Est_Dem_Nudo;Din2_Zona;Est_Dem_Nudo;Din1_Zona;Din1_Zona;335;0;335;707;707;Nudo de concurso. ;0;0;0;0;0;SI;
ARCOS DE LA FRONTERA 400;50046;Andalucía;6;;;;;;177; N/A ;  ;177;1432;N/A;1432;No ;1949;N/A;1907;754;0;0;N/A;0;0;0;0;0;42;42;0;0;0;0;0;0;177;42;177;0;754;754;754;WSCR_Nudo;Din2_Zona;Din1_Zona;Din1_Zona;Din1_Zona;0;0;0;0;0;;177;0;754;754;754;;
ARDOZ 220;50047;Comunidad de Madrid;;1;;;4;;725; N/A ;  ;544;364;E377_SEPE;;No;570;E377_SEPE;0;0;0;;NO;182;182;182;0;0;11;11;0;0;0;182;0;0;0;0;;;;;;;;;;;;;;;;Valor de referencia no acordado. Valor de referencia no acordado en la zona estática. ;;;;;;;
ARENAL 66;50048;Islas Baleares;;;;;3;;79; N/A ; Riesgo interacciones ;79;65;N/A;2;No;91;N/A;28;130;0;63;SI;0;0;0;0;0;0;0;0;0;0;0;0;0;0;0;2;0;2;28;28;Est_Dem_Nudo;Din2_Zona;Est_Dem_Nudo;Est_Alm_Nudo;Est_Alm_Nudo;0;0;0;0;0;;2;0;2;28;28;;
ARENAS DE SAN JUAN 220;50049;Castilla-La Mancha;2;1;;;;;5; N/A ;  ;5;273;E210_SEPE, E403_SEPE;;No;882;E210_SEPE, E403_SEPE;733;1036;0;0;N/A;0;0;0;0;0;60;60;0;0;0;0;0;0;5;266;;;;;;;;;;;;;;;;Valor de referencia no acordado en la zona estática. ;;;;;;SI;
ARGANDA 220;50050;Comunidad de Madrid;;1;;;3;;436; N/A ;  ;436;478;E215_SEPE;197;No;541;E215_SEPE;258;0;0;180;SI;0;0;0;0;0;100;100;0;0;0;0;0;0;0;0;0;0;0;0;0;Din1_Zona;Din2_Zona;Din1_Zona;Din1_Zona;Din1_Zona;0;0;0;0;0;;0;0;0;0;0;;
ARGANZUELA 220;50051;Comunidad de Madrid;;;;;3;;912; N/A ;  ;912;45;E199_SEPE, E374_SEPE;;No;567;E199_SEPE, E374_SEPE;0;0;0;;NO;0;0;0;0;0;0;0;0;0;0;0;0;0;0;0;;;;;;;;;;;;;;;;Valor de referencia no acordado. Valor de referencia no acordado en la zona estática. ;;;;;;;
ARGUINEGUIN 66;50052;Canarias;;;;;3;;10; N/A ; Superación valor máx Icc ;10;52;E07_SEC;0;Si. Caso b);55;E07_SEC;0;5;0;49;SI;0;0;0;0;0;11;0;11;0;0;0;0;0;0;0;0;0;0;0;0;Est_Dem_Zona;Est_Dem_Zona/Din2_Zona;Est_Dem_Zona;Est_Alm_Zona;Est_Alm_Zona;0;0;0;0;0;;0;0;0;0;0;;
ARICO2 66;50053;Canarias;2;;;;2;;0; N/A ;  ;0;89;E10_SEC;49;No;101;E10_SEC;61;56;0;40;SI;0;0;0;0;0;0;0;0;0;0;0;0;0;0;0;0;0;49;56;56;WSCR_Nudo;WSCR_Nudo/Din2_Zona;Est_Dem_Nudo;Din1_Zona;Din1_Zona;0;0;0;0;0;;0;0;49;56;56;;
ARINAGA 66;50706;Canarias;1;;;1;;1;44; N/A ;  ;44;83;E08_SEC;;No;103;E08_SEC;2;0;0;;NO;28;0;28;0;0;0;0;0;0;28;0;0;0;0;0;;;;;;;;;;;;;;;;Valor de referencia no acordado. Valor de referencia no acordado en la zona estática. ;;;;;;;
ARKALE 220;50054;País Vasco;;;;;1;;226; N/A ;  ;226;77;E10_SEPE;;No;610;E10_SEPE;363;1174;0;;NO;0;0;0;0;0;0;0;0;0;0;0;0;0;0;0;;;;;;;;;;;;;;;;Valor de referencia no acordado. Valor de referencia no acordado en la zona estática. ;;;;;;;
ARONA 66;50055;Canarias;;;;;2;;50; N/A ;  ;50;80;N/A;13;Si. Caso b);93;N/A;26;54;0;67;SI;0;0;0;0;0;15;0;15;0;0;0;0;0;0;0;13;0;13;26;26;Est_Dem_Nudo;Din2_Zona;Est_Dem_Nudo;Est_Alm_Nudo;Est_Alm_Nudo;0;0;0;0;0;;13;0;13;26;26;;
ARRIGORRIAGA 400;51448;País Vasco;;;;2;;;1.182; N/A ;  ;1.057;1426;N/A;1301;No ;2640;N/A;2515;352;0;0;N/A;125;125;125;0;0;0;0;0;0;0;125;0;0;370;0;352;0;352;352;352;Din1_Zona;Din2_Zona;Din1_Zona;Din1_Zona;Din1_Zona;352;0;352;352;352;Nudo de concurso. ;0;0;0;0;0;SI;
ARROYO DE LA VEGA 220;50056;Comunidad de Madrid;;1;;;3;;658; N/A ;  ;605;378;N/A;189;No;669;N/A;330;0;0;136;SI;53;53;53;0;0;150;150;0;0;0;53;0;0;0;0;0;0;0;0;0;Din1_Zona;Din2_Zona;Din1_Zona;Din1_Zona;Din1_Zona;0;0;0;0;0;;0;0;0;0;0;;
ARROYO VALLE 220;50057;Andalucía;;;;;;;232; N/A ;  ;232;0;E191_SEPE, E404_SEPE;;Si. Caso b);0;E191_SEPE, E404_SEPE;0;1234;0;0;N/A;39;0;39;0;0;0;0;0;0;39;0;0;0;0;0;;;;;;;;;;;;;;;;Valor de referencia no acordado en la zona estática. ;;;;;;;
ARTA 66;50058;Islas Baleares;;;;;3;;0; N/A ;  ;0;35;E15_SEB;;Si. Caso b);41;E15_SEB;0;113;0;;NO;0;0;0;0;0;8;0;8;0;0;0;0;0;0;0;;;;;;;;;;;;;;;;Valor de referencia no acordado. Valor de referencia no acordado en la zona estática. ;;;;;;;
ARUCAS 66;50059;Canarias;;;;;2;;70; N/A ;  ;70;70;N/A;30;Si. Caso b);75;N/A;35;48;0;40;SI;0;0;0;0;0;0;0;0;0;0;0;0;0;0;0;30;0;30;35;35;Est_Dem_Nudo;Din2_Zona;Est_Dem_Nudo;Est_Alm_Nudo;Est_Alm_Nudo;0;0;0;0;0;;30;0;30;35;35;;
ASCÓ 400;50060;Cataluña;4;1;;;2;;613; N/A ;  ;488;159;N/A;0;No;1632;N/A;1392;0;0;114;SI;125;125;125;0;0;0;0;0;0;0;125;0;0;0;0;0;0;0;0;0;Est_Dem_Nudo/Din1_Zona;Est_Dem_Nudo/Din2_Zona;Est_Dem_Nudo/Din1_Zona;Din1_Zona;Din1_Zona;0;0;0;0;0;;0;0;0;0;0;;
ASCÓ 220;50060;Cataluña;;;;;1;;28; N/A ;  ;28;59;N/A;0;Si. Caso b);234;N/A;148;0;0;86;SI;0;0;0;0;0;0;0;0;0;0;0;0;0;0;0;0;0;0;0;0;Est_Dem_Nudo/Din1_Zona;Est_Dem_Nudo/Din2_Zona;Est_Dem_Nudo/Din1_Zona;Din1_Zona;Din1_Zona;0;0;0;0;0;;0;0;0;0;0;;
ASOMADA 400;50061;Región de Murcia;;;;;2;;689; N/A ;  ;689;1065;N/A;620;Si. Caso b);1360;N/A;915;864;0;445;SI;0;0;0;0;0;0;0;0;0;0;0;0;0;0;0;620;0;620;864;864;Est_Dem_Nudo;Din2_Zona;Est_Dem_Nudo;Din1_Zona;Din1_Zona;0;0;0;0;0;;620;0;620;864;864;;
ASTILLERO 220;50062;Cantabria;1;;1;;2;;21; N/A ;  ;21;461;E228_SEPE;;No;690;E228_SEPE;169;282;0;;NO;114;0;114;0;0;203;203;0;0;114;0;0;0;0;0;;;;;;;;;;;;;;;;Valor de referencia no acordado. ;;;;;;;
ATARFE 220;50063;Andalucía;;1;;;3;;358; N/A ;  ;357;323;E395_SEPE;;No;745;E395_SEPE;268;741;0;;NO;1;1;1;0;0;0;0;0;0;0;1;0;0;0;0;;;;;;;;;;;;;;;;Valor de referencia no acordado. Valor de referencia no acordado en la zona estática. ;;;;;;;
ATIOS 220;50064;Galicia;;1;;;4;;247; N/A ;  ;247;225;E280_SEPE;3;No;571;E280_SEPE;350;1300;0;180;SI;0;0;0;0;0;0;0;0;0;0;0;0;0;0;0;3;0;3;350;350;Est_Dem_Zona;Din2_Zona;Est_Dem_Zona;Est_Alm_Zona;Est_Alm_Zona;3;0;3;350;350;Margen zonal reservado para concurso. ;0;0;0;0;0;;
AVE ZARAGOZA 220;50065;Aragón;1;;;2;;;344; N/A ;  ;344;352;E362_SEPE;;No;509;E362_SEPE;475;0;0;0;N/A;34;0;34;0;0;0;0;0;0;34;0;0;0;600;128;;;;;;;;;;;;;;;;Valor de referencia no acordado en la zona estática. ;;;;;;SI;
AYALA 220;50066;País Vasco;;;2;;1;;424; N/A ;  ;424;315;N/A;85;No;391;N/A;161;862;0;78;SI;152;0;152;0;0;30;0;30;0;152;0;0;0;0;0;85;0;85;161;161;Est_Dem_Nudo;Din2_Zona;Est_Dem_Nudo;Est_Alm_Nudo;Est_Alm_Nudo;0;0;0;0;0;;85;0;85;161;161;;
AYORA 400;50067;Comunidad Valenciana;1;1;;;;;197; N/A ;  ;197;2283;N/A;2283;No ;3940;N/A;3825;0;0;0;N/A;0;0;0;0;0;115;115;0;0;0;0;0;0;0;72;0;0;0;0;0;Din1_Zona;Din2_Zona;Din1_Zona;Din1_Zona;Din1_Zona;0;0;0;0;0;;0;0;0;0;0;;
AZCA 220;UFD-50078;Comunidad de Madrid;;;;;3;;892; N/A ;  ;892;43;E216_SEPE;0;No;45;E216_SEPE;2;0;0;43;SI;0;0;0;0;0;0;0;0;0;0;0;0;0;0;0;0;0;0;0;0;Est_Dem_Nudo/Est_Dem_Zona/Din1_Zona;Est_Dem_Nudo/Est_Dem_Zona/Din2_Zona;Est_Dem_Nudo/Est_Dem_Zona/Din1_Zona;Din1_Zona;Din1_Zona;0;0;0;0;0;;0;0;0;0;0;;
AZPEITIA 400;50068;País Vasco;;;;;1;;739; N/A ; Riesgo interacciones ;739;794;N/A;494;Si. Caso b);1630;N/A;1330;794;0;300;SI;0;0;0;0;0;0;0;0;0;0;0;0;0;0;0;494;0;494;794;794;Est_Dem_Nudo;Din2_Zona;Est_Dem_Nudo;Din1_Zona;Din1_Zona;0;0;0;0;0;;494;0;494;794;794;;
BADALONA 220;50070;Cataluña;;;;;4;;70; N/A ; Superación valor máx Icc ;70;186;E32_SEPE;66;Si. Caso b);435;E32_SEPE;315;0;0;120;SI;0;0;0;0;0;0;0;0;0;0;0;0;0;0;0;0;0;0;0;0;Din1_Zona;Din2_Zona;Din1_Zona;Din1_Zona;Din1_Zona;0;0;0;0;0;;0;0;0;0;0;;
BALBOA 400;50071;Extremadura;;;1;;;;570; N/A ;  ;570;1368;N/A;1131;Si. Caso c);2082;N/A;1845;0;0;0;N/A;237;0;237;0;0;0;0;0;0;237;0;0;0;0;0;0;0;0;0;0;Din1_Zona;Din2_Zona;Din1_Zona;Din1_Zona;Din1_Zona;0;0;0;0;0;;0;0;0;0;0;;
BALBOA 220;50071;Extremadura;;;;;2;;125; N/A ;  ;125;465;N/A;322;No;708;N/A;565;994;0;143;SI;0;0;0;0;0;5;0;5;0;0;0;0;0;0;0;125;0;322;565;565;WSCR_Nudo;Din2_Zona;Est_Dem_Nudo;Est_Alm_Nudo;Est_Alm_Nudo;0;0;0;0;0;;125;0;322;565;565;;
BALSICAS 220;50072;Región de Murcia;;1;;;2;;230; N/A ;  ;207;350;N/A;263;No;448;N/A;362;861;0;50;SI;36;23;36;0;0;0;0;0;0;13;23;0;0;0;0;207;0;263;362;362;WSCR_Nudo;Din2_Zona;Est_Dem_Nudo;Est_Alm_Nudo;Est_Alm_Nudo;0;0;0;0;0;;207;0;263;362;362;;
BARATARIA 400;52078;Castilla-La Mancha;;1;;;;;761; N/A ;  ;761;1534;E304_SEPE;1253;No;2604;E304_SEPE;2395;433;0;0;N/A;0;0;0;0;0;0;0;0;0;0;0;0;0;0;0;433;0;433;433;433;Din1_Zona;Din2_Zona;Din1_Zona;Din1_Zona;Din1_Zona;0;0;0;0;0;;433;0;433;433;433;;
BARCINA 400;50073;Castilla y León;1;1;;;;;746; N/A ;  ;746;1218;N/A;1218;No ;2986;N/A;2881;0;0;0;N/A;0;0;0;0;0;105;105;0;0;0;0;0;0;75;195;0;0;0;0;0;Din1_Zona;Din2_Zona;Din1_Zona;Din1_Zona;Din1_Zona;0;0;0;0;0;;0;0;0;0;0;SI;
BARO DE VIVER 220;50074;Cataluña;;;;;;;153; N/A ;  ;153;78;N/A;20;No;437;N/A;378;0;0;0;N/A;58;0;58;0;0;0;0;0;0;58;0;0;0;0;0;0;0;0;0;0;Din1_Zona;Din2_Zona;Din1_Zona;Din1_Zona;Din1_Zona;0;0;0;0;0;;0;0;0;0;0;;
BARRANCO CALDERINA 66;51454;Canarias;;;;;;;45; N/A ;  ;45;48;N/A;48;No;62;N/A;62;0;0;0;N/A;0;0;0;0;0;0;0;0;0;0;0;0;0;0;0;0;0;0;0;0;Din1_Zona;Din2_Zona;Din1_Zona;Din1_Zona;Din1_Zona;0;0;0;0;0;;0;0;0;0;0;;
BARRANCO DE TIRAJANA III 220;50776;Canarias;;1;;;;;69; N/A ;  ;69;303;E33_SEC_BIN;303;No;334;E33_SEC_BIN;334;0;0;0;N/A;0;0;0;0;0;0;0;0;0;0;0;0;0;0;0;0;0;0;0;0;Din1_Zona;Din2_Zona;Din1_Zona;Din1_Zona;Din1_Zona;0;0;0;0;0;;0;0;0;0;0;;
BARRANCO SECO 66;50075;Canarias;;;;;2;;29; N/A ;  ;29;76;N/A;34;Si. Caso b);87;N/A;45;0;0;40;SI;2;0;0;2;2;9;0;9;0;0;0;2;0;0;0;0;0;0;0;0;Din1_Zona;Din2_Zona;Din1_Zona;Din1_Zona;Din1_Zona;0;0;0;0;0;;0;0;0;0;0;;
BARRANCO TIRAJANA 220;50076;Canarias;5;;;;;;0; W02_SEC_BIN ;  ;0;475;E33_SEC_BIN;475;No;500;E33_SEC_BIN;500;0;0;0;N/A;0;0;0;0;0;0;0;0;0;0;0;0;0;0;0;0;0;0;0;0;WSCR_Nudo/WSCR_Zona/Din1_Zona;WSCR_Nudo/WSCR_Zona/Din2_Zona;Din1_Zona;Din1_Zona;Din1_Zona;0;0;0;0;0;;0;0;0;0;0;;
BARRANCO TIRAJANA 66;50076;Canarias;1;;;;;;0; W01_SEC_BIN ;  ;0;24;E34_SEC_BIN;24;No;33;E34_SEC_BIN;33;0;0;0;N/A;0;0;0;0;0;0;0;0;0;0;0;0;0;0;0;0;0;0;0;0;WSCR_Nudo/WSCR_Zona/Din1_Zona;WSCR_Nudo/WSCR_Zona/Din2_Zona;Din1_Zona;Din1_Zona;Din1_Zona;0;0;0;0;0;;0;0;0;0;0;;
BARRANCO TIRAJANA (BARRANCO TIRAJANA B) 220;50076;Canarias;3;;;;;;0; W02_SEC_BIN ;  ;0;371;E33_SEC_BIN;371;No;409;E33_SEC_BIN;409;0;0;0;N/A;0;0;0;0;0;0;0;0;0;0;0;0;0;0;0;0;0;0;0;0;WSCR_Nudo/WSCR_Zona/Din1_Zona;WSCR_Nudo/WSCR_Zona/Din2_Zona;Din1_Zona;Din1_Zona;Din1_Zona;0;0;0;0;0;;0;0;0;0;0;;
BARRANCO TIRAJANA (BARRANCO TIRAJANA B) 66;50076;Canarias;1;;;;;;0; W01_SEC_BIN ;  ;0;87;E34_SEC_BIN;87;No;110;E34_SEC_BIN;110;0;0;0;N/A;0;0;0;0;0;0;0;0;0;0;0;0;0;0;0;0;0;0;0;0;WSCR_Nudo/WSCR_Zona/Din1_Zona;WSCR_Nudo/WSCR_Zona/Din2_Zona;Din1_Zona;Din1_Zona;Din1_Zona;0;0;0;0;0;;0;0;0;0;0;;
BARRUNDIA 220;51418;País Vasco;;1;;;;2;110; N/A ;  ;110;264;E256_SEPE;142;No;361;E256_SEPE;142;742;0;81;SI;0;0;0;0;0;26;26;0;0;0;0;0;0;0;0;110;0;142;142;142;WSCR_Nudo;Din2_Zona;Est_Dem_Zona;Est_Alm_Zona;Est_Alm_Zona;0;0;0;0;0;;110;0;142;142;142;;
BASAURI 220;50077;País Vasco;;;;;3;;631; N/A ;  ;631;469;N/A;23;Si. Caso b);820;N/A;374;706;0;446;SI;0;0;0;0;0;25;0;25;0;0;0;0;0;0;0;23;0;23;374;374;Est_Dem_Nudo;Din2_Zona;Est_Dem_Nudo;Est_Alm_Nudo;Est_Alm_Nudo;0;0;0;0;0;;23;0;23;374;374;;
BAZA 400;52064;Andalucía;;1;;;;1;266; N/A ;  ;266;1594;N/A;1374;No ;2344;N/A;2124;697;0;220;SI;0;0;0;0;0;0;0;0;0;0;0;0;0;0;0;266;0;697;697;697;WSCR_Nudo;Din2_Zona;Din1_Zona;Din1_Zona;Din1_Zona;0;0;0;0;0;;266;0;697;697;697;;
BEARIZ 400;50708;Galicia;;1;;;;;653; N/A ;  ;653;1186;N/A;1186;No ;2605;N/A;2555;791;0;0;N/A;0;0;0;0;0;50;50;0;0;0;0;0;0;0;710;653;0;791;791;791;WSCR_Nudo;Din2_Zona;Din1_Zona;Din1_Zona;Din1_Zona;0;0;0;0;0;;653;0;791;791;791;;
BECHI 220;50078;Comunidad Valenciana;;1;;;3;2;126; N/A ;  ;126;185;E183_SEPE;;No;377;E183_SEPE;0;986;0;114;SI;0;0;0;0;0;100;100;0;0;0;0;0;0;0;40;;;;;;;;;;;;;;;;Valor de referencia no acordado en la zona estática. ;;;;;;;
BEGOÑA 220;52082;Comunidad de Madrid;;;;;;1;164; N/A ;  ;164;361;E276_SEPE;;No;505;E276_SEPE;455;0;0;50;SI;0;0;0;0;0;0;0;0;0;0;0;0;0;0;0;;;;;;;;;;;;;;;;Valor de referencia no acordado en la zona estática. ;;;;;;;
BEGUES 400;50079;Cataluña;;1;;;;;807; N/A ;  ;807;632;N/A;632;No;1612;N/A;1033;0;0;0;N/A;0;0;0;0;0;579;579;0;0;0;0;0;0;0;0;0;0;0;0;0;Din1_Zona;Din2_Zona;Din1_Zona;Din1_Zona;Din1_Zona;0;0;0;0;0;;0;0;0;0;0;;
BEGUES 220;50079;Cataluña;;;;;2;;666; W03_SEPE_BIN ;  ;666;150;E150_SEPE_Bin;90;No;629;E150_SEPE_Bin;569;0;0;60;SI;0;0;0;0;0;0;0;0;0;0;0;0;0;0;0;0;0;0;0;0;Din1_Zona;Din2_Zona;Din1_Zona;Din1_Zona;Din1_Zona;0;0;0;0;0;;0;0;0;0;0;;
BEGUES (BEGUES B) 220;50079;Cataluña;;;;;;;733; W03_SEPE_BIN ;  ;733;59;E150_SEPE_Bin;59;No;844;E150_SEPE_Bin;844;0;0;0;N/A;0;0;0;0;0;0;0;0;0;0;0;0;0;0;0;0;0;0;0;0;Din1_Zona;Din2_Zona;Din1_Zona;Din1_Zona;Din1_Zona;0;0;0;0;0;;0;0;0;0;0;;
BELESAR 220;50080;Galicia;3;1;;;1;;228; N/A ;  ;228;395;N/A;215;No;781;N/A;468;1141;0;180;SI;0;0;0;0;0;133;133;0;0;0;0;0;0;0;33;215;0;215;468;468;Est_Dem_Nudo;Din2_Zona;Est_Dem_Nudo;Est_Alm_Nudo;Est_Alm_Nudo;0;0;0;0;0;;215;0;215;468;468;;
BELGIDA 220;52086;Comunidad Valenciana;;;;;;1;299; N/A ;  ;299;178;N/A;178;No;312;N/A;312;1256;0;0;N/A;0;0;0;0;0;0;0;0;0;0;0;0;0;0;0;178;0;178;312;312;Est_Dem_Nudo;Din2_Zona;Est_Dem_Nudo;Est_Alm_Nudo;Est_Alm_Nudo;0;0;0;0;0;;178;0;178;312;312;;
BELINCHON 400;50081;Castilla-La Mancha;;1;;;;;998; N/A ;  ;998;2151;E322_SEPE;1861;No ;3746;E322_SEPE;3212;0;0;0;N/A;51;0;51;0;0;80;80;0;0;51;0;0;0;62;0;0;0;0;0;0;Din1_Zona;Din2_Zona;Din1_Zona;Din1_Zona;Din1_Zona;0;0;0;0;0;;0;0;0;0;0;;
BELLICENS 220;50082;Cataluña;2;;;;3;;402; N/A ;  ;402;323;E364_SEPE;;Si. Caso b);383;E364_SEPE;95;0;0;;NO;71;0;71;0;0;49;49;0;0;71;0;0;0;0;111;;;;;;;;;;;;;;;;Valor de referencia no acordado. Valor de referencia no acordado en la zona estática. ;;;;;;;
BENADRESA 220;50083;Comunidad Valenciana;;1;;;4;;260; N/A ;  ;260;278;E34_SEPE;;No;388;E34_SEPE;295;0;0;66;SI;0;0;0;0;0;0;0;0;0;0;0;0;0;0;0;;;;;;;;;;;;;;;;Valor de referencia no acordado en la zona estática. ;;;;;;;
BENAHADUX 220;50084;Andalucía;;;;;1;1;260; N/A ;  ;260;403;N/A;55;No;936;N/A;587;917;0;334;SI;14;0;14;0;0;0;0;0;0;14;0;0;0;0;0;55;0;55;587;587;Est_Dem_Nudo;Din2_Zona;Est_Dem_Nudo;Est_Alm_Nudo;Est_Alm_Nudo;0;0;0;0;0;;55;0;55;587;587;;
BENAHAVIS 220;50709;Andalucía;;1;;;1;;301; N/A ;  ;301;154;E193_SEPE, E387_SEPE;;No;419;E193_SEPE, E387_SEPE;124;1133;0;;NO;0;0;0;0;0;0;0;0;0;0;0;0;0;0;0;;;;;;;;;;;;;;;;Valor de referencia no acordado. Valor de referencia no acordado en la zona estática. ;;;;;;;
BENEJAMA 400;50085;Comunidad Valenciana;;;;;1;1;470; N/A ;  ;470;929;E401_SEPE;;No ;1308;E401_SEPE;0;641;0;;NO;0;0;0;0;0;0;0;0;0;0;0;0;0;0;0;;;;;;;;;;;;;;;;Valor de referencia no acordado. Valor de referencia no acordado en la zona estática. ;;;;;;;
BENEJAMA 220;50085;Comunidad Valenciana;;1;;;;;593; N/A ;  ;593;231;N/A;231;No;1180;N/A;1180;897;0;0;N/A;0;0;0;0;0;0;0;0;0;0;0;0;0;0;0;231;0;231;897;897;Est_Dem_Nudo;Din2_Zona;Est_Dem_Nudo;Din1_Zona;Din1_Zona;0;0;0;0;0;;231;0;231;897;897;;
BENICULL 220;50086;Comunidad Valenciana;;;;;3;;101; N/A ;  ;101;439;E36_SEPE, E240_SEPE;;No;647;E36_SEPE, E240_SEPE;78;665;0;91;SI;0;0;0;0;0;0;0;0;0;0;0;0;0;0;0;;;;;;;;;;;;;;;;Valor de referencia no acordado en la zona estática. ;;;;;;;
BENIFERRI 220;50087;Comunidad Valenciana;;;;;3;;316; N/A ;  ;316;173;E340_SEPE;;No;644;E340_SEPE;0;1003;0;;NO;0;0;0;0;0;30;0;30;0;0;0;0;0;0;0;;;;;;;;;;;;;;;;Valor de referencia no acordado. Valor de referencia no acordado en la zona estática. ;;;;;;;
BERJA 220;50089;Andalucía;;1;;;2;;4; N/A ;  ;4;226;E218_SEPE, E396_SEPE;;No;494;E218_SEPE, E396_SEPE;0;878;0;;NO;0;0;0;0;0;387;387;0;0;0;0;0;0;0;75;;;;;;;;;;;;;;;;Valor de referencia no acordado. Valor de referencia no acordado en la zona estática. ;;;;;;;
BERNAT 220;50090;Comunidad Valenciana;;1;;;;;118; N/A ;  ;118;479;E36_SEPE, E240_SEPE;;No;703;E36_SEPE, E240_SEPE;78;665;0;0;N/A;0;0;0;0;0;0;0;0;0;0;0;0;0;0;0;;;;;;;;;;;;;;;;Valor de referencia no acordado en la zona estática. ;;;;;;;
BESCANO 400;50091;Cataluña;;;;;1;;643; N/A ; Riesgo interacciones ;643;431;N/A;116;No ;1514;N/A;1199;0;0;315;SI;0;0;0;0;0;0;0;0;0;0;0;0;0;0;0;0;0;0;0;0;Din1_Zona;Din2_Zona;Din1_Zona;Din1_Zona;Din1_Zona;0;0;0;0;0;;0;0;0;0;0;;
BESCANO 220;50091;Cataluña;;;;;;;390; N/A ; Riesgo interacciones ;390;451;N/A;451;No;1027;N/A;1027;0;0;0;N/A;0;0;0;0;0;0;0;0;0;0;0;0;0;0;0;0;0;0;0;0;Din1_Zona;Din2_Zona;Din1_Zona;Din1_Zona;Din1_Zona;0;0;0;0;0;;0;0;0;0;0;;
BESOS NUEVO 220;50092;Cataluña;5;;;;4;;71; N/A ;  ;0;107;N/A;;No;512;N/A;100;0;0;;NO;189;189;189;0;0;0;0;0;0;0;189;0;0;0;0;;;;;;;;;;;;;;;;Valor de referencia no acordado. ;;;;;;;
BIENVENIDA 400;50093;Extremadura;1;;;;;;239; N/A ;  ;239;1719;N/A;1719;No ;2555;N/A;2196;151;0;0;N/A;0;0;0;0;0;359;359;0;0;0;0;0;0;0;0;151;0;151;151;151;Din1_Zona;Din2_Zona;Din1_Zona;Din1_Zona;Din1_Zona;0;0;0;0;0;;151;0;151;151;151;;
BIESCAS 220;50094;Aragón;2;;;;;;255; N/A ;  ;255;0;E21_SEPE;;Si. Caso b);0;E21_SEPE;0;1040;0;0;N/A;0;0;0;0;0;0;0;0;0;0;0;0;0;0;0;;;;;;;;;;;;;;;;Valor de referencia no acordado en la zona estática. ;;;;;;;
BIT 66;50095;Islas Baleares;;;;;2;;12; N/A ; Riesgo interacciones ;6;75;N/A;35;No;86;N/A;46;98;0;40;SI;6;6;0;6;0;0;0;0;0;0;0;0;6;0;0;6;0;35;46;46;WSCR_Nudo;Din2_Zona;Est_Dem_Nudo;Est_Alm_Nudo;Est_Alm_Nudo;0;0;0;0;0;;6;0;35;46;46;;
BOADILLA 220;50096;Comunidad de Madrid;;1;;;2;1;612; N/A ;  ;612;16;E378_SEPE;;No;392;E378_SEPE;280;0;0;112;SI;0;0;0;0;0;0;0;0;0;0;0;0;0;0;35;;;;;;;;;;;;;;;;Valor de referencia no acordado en la zona estática. ;;;;;;;
BOIMENTE 400;50097;Galicia;;;;;2;1;107; N/A ;  ;107;1235;E227_SEPE;73;No;2127;E227_SEPE;782;586;0;900;SI;0;0;0;0;0;0;0;0;0;0;0;0;0;0;0;73;0;73;586;586;Est_Dem_Zona;Din2_Zona;Est_Dem_Zona;Din1_Zona;Din1_Zona;0;0;0;0;0;;73;0;73;586;586;;
BOLARQUE 220;50098;Castilla-La Mancha;5;;;;1;;104; N/A ;  ;0;228;E44_SEPE;0;Si. Caso b);421;E44_SEPE;0;0;0;105;SI;104;104;104;0;0;233;233;0;0;0;104;0;0;0;0;0;0;0;0;0;WSCR_Nudo/Est_Dem_Nudo/Din1_Zona;WSCR_Nudo/Est_Dem_Nudo/Din2_Zona;Est_Dem_Nudo/Din1_Zona;Est_Alm_Nudo/Din1_Zona;Est_Alm_Nudo/Din1_Zona;0;0;0;0;0;;0;0;0;0;0;;
BOSSA 132;50099;Islas Baleares;;;;;;2;3; N/A ; Riesgo interacciones ;3;69;N/A;39;No;81;N/A;51;0;0;30;SI;0;0;0;0;0;0;0;0;0;0;0;0;0;0;0;0;0;0;0;0;Din1_Zona;Din2_Zona;Din1_Zona;Din1_Zona;Din1_Zona;0;0;0;0;0;;0;0;0;0;0;;
BRAZATORTAS 400;50100;Castilla-La Mancha;;1;;1;;;886; N/A ;  ;886;2120;N/A;2120;Si. Caso a);3476;N/A;3445;924;0;0;N/A;0;0;0;0;0;31;31;0;0;0;0;0;0;400;62;886;0;924;924;924;WSCR_Nudo;Din2_Zona;Din1_Zona;Din1_Zona;Din1_Zona;886;0;924;924;924;Nudo de concurso. ;0;0;0;0;0;SI;Resolución de 24 de febrero de 2026, de la Secretaría de Estado de Energía, por la que se resuelve el concurso de capacidad de acceso de demanda en determinados nudos de la red de transporte convocado mediante la Resolución de 11 de julio de 2025, de la Secretaría de Estado de Energía, por la que se convocan los concursos de capacidad de acceso de la red de transporte
BRAZATORTAS 220;50100;Castilla-La Mancha;;1;;;;;515; N/A ;  ;515;432;E323_SEPE;76;No;1001;E323_SEPE;558;1241;0;0;N/A;15;0;15;0;0;16;16;0;0;15;0;0;0;0;47;76;0;76;558;558;Est_Dem_Zona;Din2_Zona;Est_Dem_Zona;Est_Alm_Zona;Est_Alm_Zona;0;0;0;0;0;;76;0;76;558;558;;
BROVALES 400;50101;Extremadura;;1;1;;;;226; N/A ;  ;226;3275;E327_SEPE;1044;No ;4743;E327_SEPE;3179;0;0;0;N/A;1;0;1;0;0;254;254;0;0;1;0;0;0;0;0;0;0;0;0;0;Din1_Zona;Din2_Zona;Din1_Zona;Din1_Zona;Din1_Zona;0;0;0;0;0;;0;0;0;0;0;;
BROVALES 220;50101;Extremadura;;;;;;;146; N/A ;  ;146;444;N/A;444;No;686;N/A;686;994;0;0;N/A;0;0;0;0;0;0;0;0;0;0;0;0;0;0;0;146;0;444;686;686;WSCR_Nudo;Din2_Zona;Est_Dem_Nudo;Est_Alm_Nudo;Est_Alm_Nudo;0;0;0;0;0;;146;0;444;686;686;;
BUDIA (YELAMOS) 400;51449;Castilla-La Mancha;;1;;;;;929; N/A ;  ;929;1068;E353_SEPE;1068;No ;1555;E353_SEPE;1555;0;0;0;N/A;0;0;0;0;0;0;0;0;0;0;0;0;0;67;0;0;0;0;0;0;Din1_Zona;Din2_Zona;Din1_Zona;Din1_Zona;Din1_Zona;0;0;0;0;0;;0;0;0;0;0;;
BUENAVISTA 220;50102;Comunidad de Madrid;;1;;;2;;649; N/A ;  ;649;29;N/A;;No;280;N/A;192;0;0;;NO;1;1;1;0;0;0;0;0;0;0;1;0;0;0;0;;;;;;;;;;;;;;;;Valor de referencia no acordado. ;;;;;;;
BUENAVISTA GC 66;50103;Canarias;;;;;2;;60; N/A ;  ;60;105;N/A;57;No;114;N/A;65;0;0;49;SI;0;0;0;0;0;47;0;47;0;0;0;0;0;0;0;0;0;0;0;0;Din1_Zona;Din2_Zona;Din1_Zona;Din1_Zona;Din1_Zona;0;0;0;0;0;;0;0;0;0;0;;
BUENOS AIRES 220;50104;Canarias;;;;;;;115; N/A ;  ;115;163;N/A;163;No;251;N/A;251;0;0;0;N/A;0;0;0;0;0;0;0;0;0;0;0;0;0;0;0;0;0;0;0;0;Din1_Zona;Din2_Zona;Din1_Zona;Din1_Zona;Din1_Zona;0;0;0;0;0;;0;0;0;0;0;;
BUENOS AIRES 66;50104;Canarias;;;1;;4;;66; N/A ;  ;66;206;N/A;77;No;220;N/A;91;0;0;129;SI;0;0;0;0;0;20;0;20;0;0;0;0;0;0;0;0;0;0;0;0;Din1_Zona;Din2_Zona;Din1_Zona;Din1_Zona;Din1_Zona;0;0;0;0;0;;0;0;0;0;0;;
BUNIEL 400;50710;Castilla y León;;1;;;;;575; N/A ;  ;575;884;N/A;856;No ;1264;N/A;1236;335;0;0;N/A;28;0;28;0;0;0;0;0;0;28;0;0;0;37;0;335;0;335;335;335;Din1_Zona;Din2_Zona;Din1_Zona;Din1_Zona;Din1_Zona;335;0;335;335;335;Nudo de concurso. ;0;0;0;0;0;SI;
BUNYOLA 66;50105;Islas Baleares;;;;;5;;55; N/A ; Riesgo interacciones ;55;49;E14_SEB;0;Si. Caso b);54;E14_SEB;0;98;0;40;SI;0;0;0;0;0;10;0;10;0;0;0;0;0;0;0;0;0;0;0;0;Est_Dem_Zona;Est_Dem_Zona/Din2_Zona;Est_Dem_Zona;Est_Alm_Zona;Est_Alm_Zona;0;0;0;0;0;;0;0;0;0;0;;
CABRA 400;50106;Andalucía;;1;;;;;827; N/A ;  ;827;2198;E315_SEPE;2016;No ;2709;E315_SEPE;2489;1033;0;0;N/A;0;0;0;0;0;0;0;0;0;0;0;0;0;94;0;827;0;1033;1033;1033;WSCR_Nudo;Din2_Zona;Din1_Zona;Din1_Zona;Din1_Zona;0;0;0;0;0;;827;0;1033;1033;1033;;
CACERES 220;50107;Extremadura;;;;;4;;143; N/A ;  ;143;389;E326_SEPE, E385_SEPE;;No;607;E326_SEPE, E385_SEPE;0;1067;0;;NO;0;0;0;0;0;3;0;3;0;0;0;0;0;0;0;;;;;;;;;;;;;;;;Valor de referencia no acordado. Valor de referencia no acordado en la zona estática. ;;;;;;;
CACICEDO 220;50108;Cantabria;;;;;2;1;97; N/A ;  ;97;304;E228_SEPE;;No ;448;E228_SEPE;11;282;0;292;SI;145;0;145;0;0;50;0;50;0;145;0;0;0;0;0;;;;;;;;;;;;;;;;Valor de referencia no acordado en la zona estática. ;;;;;;;
CALA BLAVA 66;50711;Islas Baleares;1;;;;2;;18; N/A ;  ;18;32;N/A;0;No;69;N/A;0;79;0;40;SI;0;0;0;0;0;51;46;5;0;0;0;0;0;0;0;0;0;0;0;0;Est_Dem_Nudo;Est_Dem_Nudo/Din2_Zona;Est_Dem_Nudo;Est_Alm_Nudo;Est_Alm_Nudo;0;0;0;0;0;;0;0;0;0;0;;
CALA MESQUIDA 132;50110;Islas Baleares;;;;;;;18; N/A ;  ;18;22;N/A;22;Si. Caso b);49;N/A;49;84;0;0;N/A;0;0;0;0;0;0;0;0;0;0;0;0;0;0;0;18;0;22;49;49;WSCR_Nudo;Din2_Zona;Est_Dem_Nudo;Est_Alm_Nudo;Est_Alm_Nudo;0;0;0;0;0;;18;0;22;49;49;;
CALA MILLOR 66;50111;Islas Baleares;;;;;3;;0; N/A ;  ;0;65;N/A;2;No;79;N/A;16;113;0;63;SI;0;0;0;0;0;0;0;0;0;0;0;0;0;0;0;0;0;2;16;16;WSCR_Nudo;WSCR_Nudo/Din2_Zona;Est_Dem_Nudo;Est_Alm_Nudo;Est_Alm_Nudo;0;0;0;0;0;;0;0;2;16;16;;
CALAMOCHA 220;50112;Aragón;;;;;1;1;253; N/A ;  ;253;517;E23_SEPE;260;No;594;E23_SEPE;260;0;0;175;SI;27;0;27;0;0;0;0;0;0;27;0;0;0;0;0;0;0;0;0;0;Din1_Zona;Din2_Zona;Din1_Zona;Din1_Zona;Din1_Zona;0;0;0;0;0;;0;0;0;0;0;;
CALATORAO 220;51427;Aragón;;;;4;;;875; N/A ;  ;225;618;E360_SEPE;0;No;1092;E360_SEPE;442;0;0;0;N/A;650;650;650;0;0;0;0;0;0;0;650;0;0;0;0;0;0;0;0;0;Est_Dem_Nudo/Din1_Zona;Est_Dem_Nudo/Din2_Zona;Est_Dem_Nudo/Din1_Zona;Din1_Zona;Din1_Zona;0;0;0;0;0;;0;0;0;0;0;;
CALDERS 400;50113;Cataluña;;;;;2;;70; N/A ;  ;70;166;N/A;;Si. Caso a);615;N/A;237;0;0;;NO;0;0;0;0;0;0;0;0;0;0;0;0;0;0;0;;;;;;;;;;;;;;;;Valor de referencia no acordado. ;;;;;;;
CALERA Y CHOZAS 220;52089;Castilla-La Mancha;;;;4;;;520; N/A ;  ;290;216;E369_SEPE;;No;468;E369_SEPE;198;893;0;0;N/A;270;230;270;0;0;0;0;0;0;40;230;0;0;0;0;;;;;;;;;;;;;;;;Valor de referencia no acordado en la zona estática. ;;;;;;;
CALETILLAS 220;50712;Canarias;;;;;;;41; N/A ;  ;41;161;N/A;161;No;252;N/A;252;0;0;0;N/A;0;0;0;0;0;0;0;0;0;0;0;0;0;0;0;0;0;0;0;0;Din1_Zona;Din2_Zona;Din1_Zona;Din1_Zona;Din1_Zona;0;0;0;0;0;;0;0;0;0;0;;
CALLEJONES 66;50713;Canarias;1;1;;;;;0; N/A ;  ;0;53;E29_SEC;13;No;69;E29_SEC;29;21;0;0;N/A;0;0;0;0;0;0;0;0;0;0;0;0;0;0;0;0;0;13;21;21;WSCR_Nudo;WSCR_Nudo/Din2_Zona;Est_Dem_Zona;Din1_Zona;Din1_Zona;0;0;0;0;0;;0;0;13;21;21;;
CALVIA 66;50114;Islas Baleares;;;;;3;;0; N/A ; Riesgo interacciones ;0;101;N/A;38;No;111;N/A;48;0;0;63;SI;0;0;0;0;0;13;0;13;0;0;0;0;0;0;0;0;0;0;0;0;WSCR_Nudo/Din1_Zona;WSCR_Nudo/Din2_Zona;Din1_Zona;Din1_Zona;Din1_Zona;0;0;0;0;0;;0;0;0;0;0;;
CAMARENA 400;51439;Castilla-La Mancha;;;;;;;847; N/A ;  ;847;857;N/A;857;No ;1545;N/A;1545;0;0;0;N/A;0;0;0;0;0;0;0;0;0;0;0;0;0;0;0;0;0;0;0;0;Din1_Zona;Din2_Zona;Din1_Zona;Din1_Zona;Din1_Zona;0;0;0;0;0;;0;0;0;0;0;;
CAMARENA 220;51439;Castilla-La Mancha;;;;;;;746; N/A ;  ;746;0;N/A;0;No;1065;N/A;1065;0;0;0;N/A;0;0;0;0;0;0;0;0;0;0;0;0;0;0;0;0;0;0;0;0;Est_Dem_Nudo/Din1_Zona;Est_Dem_Nudo/Din2_Zona;Est_Dem_Nudo/Din1_Zona;Din1_Zona;Din1_Zona;0;0;0;0;0;;0;0;0;0;0;;
CAMINO FREGACEDOS 220;50115;Comunidad de Madrid;;1;;;3;;761; N/A ;  ;761;40;N/A;;No;229;N/A;117;0;0;;NO;0;0;0;0;0;0;0;0;0;0;0;0;0;0;0;;;;;;;;;;;;;;;;Valor de referencia no acordado. ;;;;;;;
CAMPANARIO 400;50116;Castilla-La Mancha;1;;;;;;205; N/A ;  ;205;1862;N/A;1806;No ;2744;N/A;2321;163;0;0;N/A;56;0;56;0;0;367;367;0;0;56;0;0;0;0;0;163;0;163;163;163;Din1_Zona;Din2_Zona;Din1_Zona;Din1_Zona;Din1_Zona;0;0;0;0;0;;163;0;163;163;163;;
CAMPO NACIONES 220;50779;Comunidad de Madrid;;;;;3;;885; N/A ;  ;885;104;E381_SEPE, E382_SEPE;;No;109;E381_SEPE, E382_SEPE;0;0;0;;NO;0;0;0;0;0;0;0;0;0;0;0;0;0;0;0;;;;;;;;;;;;;;;;Valor de referencia no acordado. Valor de referencia no acordado en la zona estática. ;;;;;;;
CAMPOAMOR 220;50117;Comunidad Valenciana;;;;;3;;173; N/A ;  ;173;473;E188_SEPE;17;No;645;E188_SEPE;337;898;0;131;SI;0;0;0;0;0;0;0;0;0;0;0;0;0;0;0;17;0;17;337;337;Est_Dem_Zona;Din2_Zona;Est_Dem_Zona;Est_Alm_Zona;Est_Alm_Zona;0;0;0;0;0;;17;0;17;337;337;;
CAMPOS 400;51339;Región de Murcia;;1;;;;;468; N/A ;  ;468;1252;N/A;1252;No ;1864;N/A;1864;863;0;0;N/A;0;0;0;0;0;0;0;0;0;0;0;0;0;53;0;468;0;863;863;863;WSCR_Nudo;Din2_Zona;Din1_Zona;Din1_Zona;Din1_Zona;468;0;863;863;863;Nudo de concurso. ;0;0;0;0;0;SI;
CAN BARBA 400;50118;Cataluña;;;;;2;;164; N/A ;  ;164;596;N/A;236;Si. Caso c);1306;N/A;946;0;0;360;SI;0;0;0;0;0;0;0;0;0;0;0;0;0;0;0;0;0;0;0;0;Din1_Zona;Din2_Zona;Din1_Zona;Din1_Zona;Din1_Zona;0;0;0;0;0;;0;0;0;0;0;;
CAN JARDI 400;50119;Cataluña;;;;;;;449; N/A ;  ;449;108;N/A;108;Si. Caso b);689;N/A;689;0;0;0;N/A;0;0;0;0;0;0;0;0;0;0;0;0;0;0;0;0;0;0;0;0;Din1_Zona;Din2_Zona;Din1_Zona;Din1_Zona;Din1_Zona;0;0;0;0;0;;0;0;0;0;0;;
CAN JARDI 220;50119;Cataluña;;1;;;3;;609; W04_SEPE_BIN ;  ;609;115;E152_SEPE_Bin, E411_SEPE;;No;736;E152_SEPE_Bin, E411_SEPE;0;0;0;;NO;0;0;0;0;0;70;50;20;0;0;0;0;0;0;192;;;;;;;;;;;;;;;;Valor de referencia no acordado. Valor de referencia no acordado en la zona estática. ;;;;;;;
CAN JARDI (CAN JARDI B) 220;50119;Cataluña;;;;;;;725; W04_SEPE_BIN ;  ;725;412;E152_SEPE_Bin;;No;714;E152_SEPE_Bin;575;0;0;0;N/A;0;0;0;0;0;0;0;0;0;0;0;0;0;0;0;;;;;;;;;;;;;;;;Valor de referencia no acordado en la zona estática. ;;;;;;;
CAN PICAFORT 66;50120;Islas Baleares;;;;;2;;15; N/A ;  ;15;71;N/A;0;Si. Caso b);75;N/A;4;130;0;71;SI;0;0;0;0;0;0;0;0;0;0;0;0;0;0;0;0;0;0;4;4;Est_Dem_Nudo;Din2_Zona;Est_Dem_Nudo;Est_Alm_Nudo;Est_Alm_Nudo;0;0;0;0;0;;0;0;0;4;4;;
CANDELARIA 220;50122;Canarias;;;;;;;41; N/A ;  ;41;160;N/A;160;No;252;N/A;252;0;0;0;N/A;0;0;0;0;0;0;0;0;0;0;0;0;0;0;0;0;0;0;0;0;Din1_Zona;Din2_Zona;Din1_Zona;Din1_Zona;Din1_Zona;0;0;0;0;0;;0;0;0;0;0;;
CANDELARIA 66;50122;Canarias;8;;;;1;1;50; W04_SEC_BIN ;  ;50;51;E35_SEC_BIN;10;No;75;E35_SEC_BIN;10;0;0;15;SI;0;0;0;0;0;50;50;0;0;0;0;0;0;0;0;0;0;0;0;0;Din1_Zona;Din2_Zona;Din1_Zona;Din1_Zona;Din1_Zona;0;0;0;0;0;;0;0;0;0;0;;
CANDELARIA (CANDELARIA B) 66;50122;Canarias;;;;;;;12; W04_SEC_BIN ;  ;12;161;E35_SEC_BIN;150;No;204;E35_SEC_BIN;197;0;0;0;N/A;0;0;0;0;0;0;0;0;0;0;0;0;0;0;0;0;0;0;0;0;Din1_Zona;Din2_Zona;Din1_Zona;Din1_Zona;Din1_Zona;0;0;0;0;0;;0;0;0;0;0;;
CANILLEJAS 220;50123;Comunidad de Madrid;;;;;3;;835; N/A ;  ;835;112;E382_SEPE;;No;118;E382_SEPE;0;0;0;;NO;0;0;0;0;0;0;0;0;0;0;0;0;0;0;0;;;;;;;;;;;;;;;;Valor de referencia no acordado. Valor de referencia no acordado en la zona estática. ;;;;;;;
CANYET 220;50124;Cataluña;;;;;;;698; N/A ;  ;698;152;N/A;152;Si. Caso b);576;N/A;576;0;0;0;N/A;0;0;0;0;0;0;0;0;0;0;0;0;0;0;0;0;0;0;0;0;Din1_Zona;Din2_Zona;Din1_Zona;Din1_Zona;Din1_Zona;0;0;0;0;0;;0;0;0;0;0;;
CAÑADA DE LA BARCA 132;50714;Canarias;;1;;;;;2; N/A ;  ;2;60;N/A;60;No;86;N/A;65;0;0;0;N/A;0;0;0;0;0;21;21;0;0;0;0;0;0;0;0;0;0;0;0;0;Din1_Zona;Din2_Zona;Din1_Zona;Din1_Zona;Din1_Zona;0;0;0;0;0;;0;0;0;0;0;;
CAÑAVERAL 400;50715;Extremadura;1;;;;;;524; N/A ;  ;524;840;N/A;784;No ;1590;N/A;1488;743;0;0;N/A;56;0;56;0;0;46;46;0;0;56;0;0;0;0;10;524;0;743;743;743;WSCR_Nudo;Din2_Zona;Din1_Zona;Din1_Zona;Din1_Zona;0;0;0;0;0;;524;0;743;743;743;;
CAÑUELO 220;50125;Andalucía;;1;;;2;;0; N/A ;  ;0;137;E40_SEPE, E146_SEPE_Bin;;No;1071;E40_SEPE, E146_SEPE_Bin;644;1086;0;;NO;0;0;0;0;0;0;0;0;0;0;0;0;0;0;0;;;;;;;;;;;;;;;;Valor de referencia no acordado. Valor de referencia no acordado en la zona estática. ;;;;;;;
CAPARACENA 400;50126;Andalucía;;1;;;;;237; N/A ;  ;236;1452;E308_SEPE;1334;No ;2154;E308_SEPE;1917;654;0;0;N/A;1;1;1;0;0;42;42;0;0;0;1;0;0;0;274;236;0;654;654;654;WSCR_Nudo;Din2_Zona;Din1_Zona;Din1_Zona;Din1_Zona;0;0;0;0;0;;236;0;654;654;654;;
CAPARACENA 220;50126;Andalucía;;1;;;1;;76; N/A ;  ;66;176;E274_SEPE, E395_SEPE;;No ;1134;E274_SEPE, E395_SEPE;268;740;0;;NO;10;10;10;0;0;0;0;0;0;0;10;0;0;0;0;;;;;;;;;;;;;;;;Valor de referencia no acordado. Valor de referencia no acordado en la zona estática. ;;;;;;;
CAPDEPERA 66;50127;Islas Baleares;;;;;2;;2; N/A ;  ;2;28;E15_SEB;;No;35;E15_SEB;0;113;0;;NO;0;0;0;0;0;3;0;3;0;0;0;0;0;0;0;;;;;;;;;;;;;;;;Valor de referencia no acordado. Valor de referencia no acordado en la zona estática. ;;;;;;;
CARDOSO 400;50733;Principado de Asturias;;;;;;;625; N/A ;  ;625;343;E365_SEPE, E366_SEPE;;No ;667;E365_SEPE, E366_SEPE;0;421;0;0;N/A;0;0;0;0;0;0;0;0;0;0;0;0;0;0;0;;;;;;;;;;;;;;;;Valor de referencia no acordado en la zona estática. ;;;;;;;
CARDOSO 220;50733;Principado de Asturias;;;;;;;415; N/A ;  ;415;128;E321_SEPE, E365_SEPE;;No;597;E321_SEPE, E365_SEPE;0;1050;0;0;N/A;0;0;0;0;0;0;0;0;0;0;0;0;0;0;0;;;;;;;;;;;;;;;;Valor de referencia no acordado en la zona estática. ;;;;;;;
CARIÑENA 400;51267;Aragón;;1;;;;;513; N/A ;  ;513;536;N/A;505;No ;1144;N/A;1113;0;0;0;N/A;31;0;31;0;0;0;0;0;0;31;0;0;0;0;0;0;0;0;0;0;Din1_Zona;Din2_Zona;Din1_Zona;Din1_Zona;Din1_Zona;0;0;0;0;0;;0;0;0;0;0;;
CARMONA 400;50128;Andalucía;;1;;;;;809; N/A ;  ;809;1123;N/A;1123;No ;2197;N/A;2197;831;0;0;N/A;0;0;0;0;0;0;0;0;0;0;0;0;0;1;20;809;0;831;831;831;WSCR_Nudo;Din2_Zona;Din1_Zona;Din1_Zona;Din1_Zona;0;0;0;0;0;;809;0;831;831;831;;
CARMONA 220;50128;Andalucía;;1;;;;;866; N/A ;  ;866;789;N/A;789;No;1550;N/A;1550;858;0;0;N/A;0;0;0;0;0;0;0;0;0;0;0;0;0;40;0;789;0;789;858;858;Est_Dem_Nudo;Din2_Zona;Est_Dem_Nudo;Din1_Zona;Din1_Zona;0;0;0;0;0;;789;0;789;858;858;;
CARMONITA 400;50716;Extremadura;;1;;;;;375; N/A ;  ;374;430;N/A;391;No ;2042;N/A;1763;0;0;0;N/A;39;1;39;0;0;240;240;0;0;38;1;0;0;0;195;0;0;0;0;0;Din1_Zona;Din2_Zona;Din1_Zona;Din1_Zona;Din1_Zona;0;0;0;0;0;;0;0;0;0;0;;
CARRIL 400;50129;Región de Murcia;1;;;;1;;758; N/A ;  ;758;1525;N/A;1225;No ;2179;N/A;1879;862;0;300;SI;0;0;0;0;0;0;0;0;0;0;0;0;0;50;0;758;0;862;862;862;WSCR_Nudo;Din2_Zona;Din1_Zona;Din1_Zona;Din1_Zona;758;0;862;862;862;Nudo de concurso. ;0;0;0;0;0;SI;
CARRIO 220;50130;Principado de Asturias;1;;;;2;;82; N/A ;  ;82;145;E7_SEPE, E365_SEPE;;No;584;E7_SEPE, E365_SEPE;0;1050;0;;NO;0;0;0;0;0;0;0;0;0;0;0;0;0;0;0;;;;;;;;;;;;;;;;Valor de referencia no acordado. Valor de referencia no acordado en la zona estática. ;;;;;;;
CARRIZAL 66;50131;Canarias;;;;;3;;20; N/A ;  ;20;83;E08_SEC;;Si. Caso b);87;E08_SEC;2;0;0;;NO;0;0;0;0;0;4;0;4;0;0;0;0;0;0;0;;;;;;;;;;;;;;;;Valor de referencia no acordado. Valor de referencia no acordado en la zona estática. ;;;;;;;
CARROYUELAS 220;50132;Castilla-La Mancha;1;;;;;;140; N/A ;  ;140;743;E17_SEPE, E210_SEPE, E403_SEPE;;No;1079;E17_SEPE, E210_SEPE, E403_SEPE;733;916;0;0;N/A;0;0;0;0;0;70;70;0;0;0;0;0;0;75;0;;;;;;;;;;;;;;;;Valor de referencia no acordado en la zona estática. ;;;;;;SI;
CARTAMA 400;50133;Andalucía;;1;;;;;756; N/A ;  ;756;555;N/A;488;No ;1580;N/A;1513;829;0;0;N/A;67;0;67;0;0;0;0;0;0;67;0;0;0;1;0;488;0;488;829;829;Est_Dem_Nudo;Din2_Zona;Est_Dem_Nudo;Din1_Zona;Din1_Zona;0;0;0;0;0;;488;0;488;829;829;;
CARTAMA 220;50133;Andalucía;;1;;1;;;582; N/A ;  ;582;311;E387_SEPE;;No;1103;E387_SEPE;448;1098;0;0;N/A;0;0;0;0;0;0;0;0;0;0;0;0;0;210;0;;;;;;;;;;;;;;;;Valor de referencia no acordado en la zona estática. ;;;;;;SI;
CARTELLE 400;50134;Galicia;;;;;;;1.157; N/A ;  ;1.157;1348;E306_SEPE;1348;No ;2858;E306_SEPE;2858;447;0;0;N/A;0;0;0;0;0;0;0;0;0;0;0;0;0;0;0;447;0;447;447;447;Din1_Zona;Din2_Zona;Din1_Zona;Din1_Zona;Din1_Zona;0;0;0;0;0;;447;0;447;447;447;;
CARTELLE 220;50134;Galicia;;;;;;;733; N/A ;  ;733;617;N/A;617;No;1182;N/A;1182;1024;0;0;N/A;0;0;0;0;0;0;0;0;0;0;0;0;0;0;0;617;0;617;1024;1024;Est_Dem_Nudo;Din2_Zona;Est_Dem_Nudo;Din1_Zona;Din1_Zona;0;0;0;0;0;;617;0;617;1024;1024;;
CARTUJA 220;50135;Andalucía;2;;;;3;;0; N/A ;  ;0;437;E406_SEPE;;No;1081;E406_SEPE;425;1119;0;240;SI;0;0;0;0;0;0;0;0;0;0;0;0;0;54;219;;;;;;;;;;;;;;;;Valor de referencia no acordado en la zona estática. ;;;;;;;
CARTUJOS 220;50136;Aragón;;1;1;;2;;31; N/A ;  ;20;283;E362_SEPE;;No;346;E362_SEPE;123;0;0;100;SI;123;11;123;0;0;31;0;31;0;112;11;0;0;0;100;;;;;;;;;;;;;;;;Valor de referencia no acordado en la zona estática. ;;;;;;SI;
CA'S TRESORER 220;50137;Islas Baleares;6;;;;;;231; N/A ; Riesgo interacciones ;231;475;N/A;475;No;500;N/A;500;0;0;0;N/A;0;0;0;0;0;0;0;0;0;0;0;0;0;0;0;0;0;0;0;0;Din1_Zona;Din2_Zona;Din1_Zona;Din1_Zona;Din1_Zona;0;0;0;0;0;;0;0;0;0;0;;
CA'S TRESORER 66;50137;Islas Baleares;;;;;;;33; N/A ; Riesgo interacciones ;33;192;E16_SEB;106;No;204;E16_SEB;118;0;0;0;N/A;0;0;0;0;0;0;0;0;0;0;0;0;0;0;0;0;0;0;0;0;Din1_Zona;Din2_Zona;Din1_Zona;Din1_Zona;Din1_Zona;0;0;0;0;0;;0;0;0;0;0;;
CASA DE CAMPO 220;50138;Comunidad de Madrid;;;;;;;948; N/A ;  ;948;0;E380_SEPE;0;No;0;E380_SEPE;0;0;0;0;N/A;0;0;0;0;0;0;0;0;0;0;0;0;0;0;0;0;0;0;0;0;Est_Dem_Nudo/Est_Dem_Zona/Din1_Zona;Est_Dem_Nudo/Est_Dem_Zona/Din2_Zona;Est_Dem_Nudo/Est_Dem_Zona/Din1_Zona;Est_Alm_Nudo/Din1_Zona;Est_Alm_Nudo/Din1_Zona;0;0;0;0;0;;0;0;0;0;0;;
CASAQUEMADA 220;50139;Andalucía;2;;;;;;195; N/A ;  ;195;0;E314_SEPE;;No;490;E314_SEPE;417;1019;0;0;N/A;0;0;0;0;0;22;22;0;0;0;0;0;0;0;88;;;;;;;;;;;;;;;;Valor de referencia no acordado en la zona estática. ;;;;;;;
CASATEJADA 220;50140;Extremadura;;;;;2;;338; N/A ;  ;338;148;E16_SEPE;;Si. Caso b);169;E16_SEPE;0;539;0;;NO;0;0;0;0;0;16;0;16;0;0;0;0;0;0;0;;;;;;;;;;;;;;;;Valor de referencia no acordado. Valor de referencia no acordado en la zona estática. ;;;;;;;
CASILLAS 220;50141;Andalucía;;;;;1;1;270; N/A ;  ;270;198;E285_SEPE, E404_SEPE;;No;208;E285_SEPE, E404_SEPE;0;1273;0;;NO;0;0;0;0;0;0;0;0;0;0;0;0;0;0;0;;;;;;;;;;;;;;;;Valor de referencia no acordado. Valor de referencia no acordado en la zona estática. ;;;;;;;
CASTALLA 220;50717;Comunidad Valenciana;;1;;;;1;353; N/A ;  ;353;269;E386_SEPE;;No;410;E386_SEPE;39;1057;0;;NO;0;0;0;0;0;0;0;0;0;0;0;0;0;0;0;;;;;;;;;;;;;;;;Valor de referencia no acordado. Valor de referencia no acordado en la zona estática. ;;;;;;;
CASTEJON 400;50142;Comunidad Foral de Navarra;4;1;;;;;654; N/A ;  ;654;705;N/A;705;No ;2351;N/A;2351;0;0;0;N/A;0;0;0;0;0;0;0;0;0;0;0;0;0;0;0;0;0;0;0;0;Din1_Zona;Din2_Zona;Din1_Zona;Din1_Zona;Din1_Zona;0;0;0;0;0;;0;0;0;0;0;;
CASTELLAR DE LA FRONTERA 400;51414;Andalucía;;1;;;;;689; N/A ;  ;689;78;N/A;65;No ;1853;N/A;1839;1068;0;0;N/A;14;0;14;0;0;0;0;0;0;14;0;0;0;0;0;65;0;65;1068;1068;Est_Dem_Nudo;Din2_Zona;Est_Dem_Nudo;Din1_Zona;Din1_Zona;0;0;0;0;0;;65;0;65;1068;1068;;
CASTELLBISBAL 220;50143;Cataluña;;;;;8;;582; N/A ;  ;582;255;N/A;;No;476;N/A;97;0;0;;NO;260;0;260;0;0;0;0;0;0;260;0;0;0;0;0;;;;;;;;;;;;;;;;Valor de referencia no acordado. ;;;;;;;
CASTELLET 220;50144;Cataluña;;1;;;3;;482; N/A ;  ;482;343;N/A;188;No;614;N/A;459;0;0;121;SI;33;0;33;0;0;0;0;0;0;33;0;0;0;0;0;0;0;0;0;0;Din1_Zona;Din2_Zona;Din1_Zona;Din1_Zona;Din1_Zona;0;0;0;0;0;;0;0;0;0;0;;
CASTELLON C.T. 400;50718;Comunidad Valenciana;;;;;;;849; N/A ;  ;849;980;E272_SEPE;980;No;1958;E272_SEPE;1958;0;0;0;N/A;0;0;0;0;0;0;0;0;0;0;0;0;0;0;0;0;0;0;0;0;Din1_Zona;Din2_Zona;Din1_Zona;Din1_Zona;Din1_Zona;0;0;0;0;0;;0;0;0;0;0;;
CASTRELO 220;50145;Galicia;2;;;;2;;47; N/A ; Superación valor máx Icc ;47;403;E1_SEPE;363;No;793;E1_SEPE;744;1274;0;20;SI;0;0;0;0;0;0;0;0;0;0;0;0;0;0;85;47;0;363;744;744;WSCR_Nudo;Din2_Zona;Est_Dem_Zona;Est_Alm_Zona;Est_Alm_Zona;0;0;0;0;0;;47;0;363;744;744;;
CATADAU 400;50146;Comunidad Valenciana;;1;;;2;;1.197; N/A ;  ;1.197;1097;N/A;538;No ;3156;N/A;2546;0;0;559;SI;0;0;0;0;0;50;50;0;0;0;0;0;0;25;0;0;0;0;0;0;Din1_Zona;Din2_Zona;Din1_Zona;Din1_Zona;Din1_Zona;0;0;0;0;0;;0;0;0;0;0;;
CATADAU 220;50146;Comunidad Valenciana;;;;;;;388; N/A ;  ;388;655;E240_SEPE;;No;1340;E240_SEPE;78;665;0;0;N/A;0;0;0;0;0;0;0;0;0;0;0;0;0;0;0;;;;;;;;;;;;;;;;Valor de referencia no acordado en la zona estática. ;;;;;;;
CEDILLO 400;50147;Extremadura;4;;;;;;203; N/A ;  ;203;1304;N/A;1304;Si. Caso b);1775;N/A;1500;1025;0;0;N/A;0;0;0;0;0;275;275;0;0;0;0;0;0;0;0;203;0;1025;1025;1025;WSCR_Nudo;Din2_Zona;Din1_Zona;Din1_Zona;Din1_Zona;0;0;0;0;0;;203;0;1025;1025;1025;;
CENTELLES 220;50148;Cataluña;;;;;3;;213; N/A ;  ;213;64;E209_SEPE;;Si. Caso b);308;E209_SEPE;0;977;0;;NO;0;0;0;0;0;0;0;0;0;0;0;0;0;0;0;;;;;;;;;;;;;;;;Valor de referencia no acordado. Valor de referencia no acordado en la zona estática. ;;;;;;;
CENTENARIO 220;50149;Andalucía;;;;;2;;489; N/A ;  ;489;124;E297_SEPE;0;Si. Caso c);238;E297_SEPE;108;1026;0;130;SI;0;0;0;0;0;0;0;0;0;0;0;0;0;0;0;0;0;0;108;108;Est_Dem_Nudo/Est_Dem_Zona;Est_Dem_Nudo/Est_Dem_Zona/Din2_Zona;Est_Dem_Nudo/Est_Dem_Zona;Est_Alm_Nudo;Est_Alm_Nudo;0;0;0;0;0;;0;0;0;108;108;;
CERCS 220;50151;Cataluña;1;;;;2;;186; N/A ;  ;186;38;E209_SEPE;;Si. Caso b);276;E209_SEPE;0;1165;0;98;SI;0;0;0;0;0;0;0;0;0;0;0;0;0;0;0;;;;;;;;;;;;;;;;Valor de referencia no acordado en la zona estática. ;;;;;;;
CERDA 220;50719;Cataluña;;;;1;;2;799; N/A ;  ;719;168;E402_SEPE;;No;341;E402_SEPE;0;0;0;;NO;80;80;80;0;0;0;0;0;0;0;80;0;0;0;0;;;;;;;;;;;;;;;;Valor de referencia no acordado. Valor de referencia no acordado en la zona estática. ;;;;;;;
CERRATO 400;50152;Castilla y León;;1;;1;;;551; N/A ;  ;551;1332;N/A;1290;No ;1521;N/A;1479;0;0;0;N/A;42;0;42;0;0;0;0;0;0;42;0;0;0;0;0;0;0;0;0;0;Din1_Zona;Din2_Zona;Din1_Zona;Din1_Zona;Din1_Zona;0;0;0;0;0;;0;0;0;0;0;;
CERRO PLATA 220;50153;Comunidad de Madrid;;;;;5;;857; N/A ;  ;857;192;E375_SEPE;0;No;394;E375_SEPE;29;0;0;225;SI;0;0;0;0;0;0;0;0;0;0;0;0;0;0;0;0;0;0;0;0;Est_Dem_Nudo/Est_Dem_Zona/Din1_Zona;Est_Dem_Nudo/Est_Dem_Zona/Din2_Zona;Est_Dem_Nudo/Est_Dem_Zona/Din1_Zona;Din1_Zona;Din1_Zona;0;0;0;0;0;;0;0;0;0;0;;
CERVELLO 220;50154;Cataluña;;;;;3;;582; N/A ;  ;582;97;E411_SEPE;;No;425;E411_SEPE;0;0;0;;NO;31;0;31;0;0;0;0;0;0;31;0;0;0;0;0;;;;;;;;;;;;;;;;Valor de referencia no acordado. Valor de referencia no acordado en la zona estática. ;;;;;;;
CHANTADA 220;50155;Galicia;1;;;;1;;196; N/A ;  ;196;368;E173_SEPE;128;No;426;E173_SEPE;186;1290;0;240;SI;0;0;0;0;0;10;0;10;0;0;0;0;0;0;0;128;0;128;186;186;Est_Dem_Nudo;Din2_Zona;Est_Dem_Nudo;Est_Alm_Nudo;Est_Alm_Nudo;0;0;0;0;0;;128;0;128;186;186;;
CHAYOFA 66;50156;Canarias;;;;;3;;59; N/A ;  ;59;105;N/A;1;No;112;N/A;8;69;0;104;SI;0;0;0;0;0;0;0;0;0;0;0;0;0;0;0;1;0;1;8;8;Est_Dem_Nudo;Din2_Zona;Est_Dem_Nudo;Est_Alm_Nudo;Est_Alm_Nudo;0;0;0;0;0;;1;0;1;8;8;;
CHIO 66;50720;Canarias;;;;;;;18; N/A ;  ;18;42;E18_SEC, E21_SEC;;No;55;E18_SEC, E21_SEC;0;0;0;0;N/A;0;0;0;0;0;0;0;0;0;0;0;0;0;0;0;;;;;;;;;;;;;;;;Valor de referencia no acordado en la zona estática. ;;;;;;;
CHUCENA 220;50721;Andalucía;;1;;;;2;323; N/A ;  ;323;343;E189_SEPE;160;No;452;E189_SEPE;204;1026;0;166;SI;0;0;0;0;0;0;0;0;0;0;0;0;0;20;0;160;0;160;204;204;Est_Dem_Zona;Din2_Zona;Est_Dem_Zona;Est_Alm_Zona;Est_Alm_Zona;0;0;0;0;0;;160;0;160;204;204;;
CICERO 220;50157;Cantabria;;;;;1;;65; N/A ;  ;65;568;E8_SEPE;275;No;842;E8_SEPE;563;522;0;180;SI;0;0;0;0;0;0;0;0;0;0;0;0;0;0;0;65;0;275;522;522;WSCR_Nudo;Din2_Zona;Est_Dem_Zona;Din1_Zona;Din1_Zona;0;0;0;0;0;;65;0;275;522;522;;
CILLAMAYOR 220;50158;Castilla y León;1;;;;;;53; N/A ;  ;53;323;E180_SEPE;97;Si. Caso b);459;E180_SEPE;234;1300;0;0;N/A;0;0;0;0;0;0;0;0;0;0;0;0;0;0;205;53;0;97;234;234;WSCR_Nudo;Din2_Zona;Est_Dem_Zona;Est_Alm_Zona;Est_Alm_Zona;0;0;0;0;0;;53;0;97;234;234;;
CINCA 220;50159;Aragón;;;;;1;2;269; N/A ;  ;269;21;N/A;0;Si. Caso b);306;N/A;132;1245;0;175;SI;0;0;0;0;0;0;0;0;0;0;0;0;0;0;0;0;0;0;132;132;Est_Dem_Nudo;Est_Dem_Nudo/Din2_Zona;Est_Dem_Nudo;Est_Alm_Nudo;Est_Alm_Nudo;0;0;0;0;0;;0;0;0;132;132;;
CINSA 66;50160;Canarias;;2;;;2;;42; N/A ;  ;42;48;E08_SEC, E09_SEC;;Si. Caso b);62;E08_SEC, E09_SEC;2;48;0;;NO;0;0;0;0;0;0;0;0;0;0;0;0;0;0;0;;;;;;;;;;;;;;;;Valor de referencia no acordado. Valor de referencia no acordado en la zona estática. ;;;;;;;
CISNEROS 220;50722;Comunidad de Madrid;;1;;2;;2;518; N/A ;  ;395;304;E292_SEPE;;No;448;E292_SEPE;0;0;0;;NO;123;123;123;0;0;0;0;0;0;0;123;0;0;0;0;;;;;;;;;;;;;;;;Valor de referencia no acordado. Valor de referencia no acordado en la zona estática. ;;;;;;;
CIUDAD DEPORTIVA 220;50161;Comunidad de Madrid;;;;;2;1;150; N/A ;  ;150;406;E45_SEPE;;No;597;E45_SEPE;316;0;0;;NO;0;0;0;0;0;0;0;0;0;0;0;0;0;0;0;;;;;;;;;;;;;;;;Valor de referencia no acordado. Valor de referencia no acordado en la zona estática. ;;;;;;;
CIUDAD RODRIGO 400;50796;Castilla y León;;1;;;;;486; N/A ;  ;486;1284;E284_SEPE;978;No ;1653;E284_SEPE;1458;853;0;0;N/A;7;0;7;0;0;189;189;0;0;7;0;0;0;0;0;486;0;853;853;853;WSCR_Nudo;Din2_Zona;Din1_Zona;Din1_Zona;Din1_Zona;0;0;0;0;0;;486;0;853;853;853;;
CIUDADELA 132;50162;Islas Baleares;;1;;;3;;6; N/A ;  ;6;62;N/A;0;No;75;N/A;13;84;0;62;SI;0;0;0;0;0;0;0;0;0;0;0;0;0;0;0;0;0;0;13;13;Est_Dem_Nudo;Din2_Zona;Est_Dem_Nudo;Est_Alm_Nudo;Est_Alm_Nudo;0;0;0;0;0;;0;0;0;13;13;;
CODONYERS 220;50163;Cataluña;;;;;4;;532; N/A ;  ;532;101;N/A;;No;261;N/A;106;0;0;;NO;8;0;8;0;0;8;0;8;0;8;0;0;0;0;0;;;;;;;;;;;;;;;;Valor de referencia no acordado. ;;;;;;;
COFRENTES 400;50164;Comunidad Valenciana;;1;;;;;1.167; N/A ;  ;1.167;1070;E339_SEPE;1070;No ;3207;E339_SEPE;1693;0;0;0;N/A;0;0;0;0;0;0;0;0;0;0;0;0;0;0;0;0;0;0;0;0;Din1_Zona;Din2_Zona;Din1_Zona;Din1_Zona;Din1_Zona;0;0;0;0;0;;0;0;0;0;0;;
COLISEO 66;50165;Islas Baleares;;;;;3;;153; N/A ; Riesgo interacciones ;153;133;N/A;70;No;143;N/A;80;0;0;63;SI;0;0;0;0;0;18;0;18;0;0;0;0;0;0;0;0;0;0;0;0;Din1_Zona;Din2_Zona;Din1_Zona;Din1_Zona;Din1_Zona;0;0;0;0;0;;0;0;0;0;0;;
COLLBLANC 220;50166;Cataluña;;;;;4;;371; N/A ; Superación valor máx Icc ;371;157;N/A;;No;593;N/A;339;0;0;;NO;0;0;0;0;0;0;0;0;0;0;0;0;0;0;0;;;;;;;;;;;;;;;;Valor de referencia no acordado. ;;;;;;;
COMPLUTUM 220;50703;Comunidad de Madrid;;1;;;;1;40; N/A ;  ;3;428;E275_SEPE;390;No;630;E275_SEPE;593;0;0;0;N/A;38;38;38;0;0;0;0;0;0;0;38;0;0;0;0;0;0;0;0;0;Din1_Zona;Din2_Zona;Din1_Zona;Din1_Zona;Din1_Zona;0;0;0;0;0;;0;0;0;0;0;;
COMPOSTILLA 400;50168;Castilla y León;2;1;;;;;1.198; N/A ;  ;1.198;645;E398_SEPE;536;No ;881;E398_SEPE;829;0;0;0;N/A;0;0;0;0;0;0;0;0;0;0;0;0;0;0;0;0;0;0;0;0;Din1_Zona;Din2_Zona;Din1_Zona;Din1_Zona;Din1_Zona;0;0;0;0;0;;0;0;0;0;0;;
COMPOSTILLA 220;50168;Castilla y León;2;1;;1;1;;503; N/A ;  ;503;365;N/A;205;No;531;N/A;371;526;0;160;SI;0;0;0;0;0;0;0;0;0;0;0;0;0;350;0;205;0;205;371;371;Est_Dem_Nudo;Din2_Zona;Est_Dem_Nudo;Est_Alm_Nudo;Est_Alm_Nudo;0;0;0;0;0;;205;0;205;371;371;;
CONSO 220;50170;Galicia;3;1;;;;;279; N/A ;  ;279;352;N/A;134;No;471;N/A;134;937;0;0;N/A;28;0;28;0;0;310;310;0;0;28;0;0;0;0;154;134;0;134;134;134;Est_Dem_Nudo;Din2_Zona;Est_Dem_Nudo;Est_Alm_Nudo;Est_Alm_Nudo;0;0;0;0;0;;134;0;134;134;134;;
CONSTANTI 220;50171;Cataluña;1;1;;1;2;;657; N/A ;  ;489;391;E364_SEPE;;No;1063;E364_SEPE;138;0;0;;NO;174;168;174;0;0;0;0;0;0;6;168;0;0;100;0;;;;;;;;;;;;;;;;Valor de referencia no acordado. Valor de referencia no acordado en la zona estática. ;;;;;;;
CORDOVILLA 220;50172;Comunidad Foral de Navarra;;1;;;2;;169; N/A ;  ;169;471;E251_SEPE;;No;621;E251_SEPE;0;867;0;;NO;0;0;0;0;0;50;50;0;0;0;0;0;0;0;150;;;;;;;;;;;;;;;;Valor de referencia no acordado. Valor de referencia no acordado en la zona estática. ;;;;;;;
CORNATEL 220;50173;Galicia;2;;;;;;78; N/A ;  ;78;209;E5_SEPE;70;Si. Caso b);220;E5_SEPE;70;526;0;0;N/A;0;0;0;0;0;150;150;0;0;0;0;0;0;0;0;70;0;70;70;70;Est_Dem_Nudo;Din2_Zona;Est_Dem_Nudo;Est_Alm_Nudo;Est_Alm_Nudo;0;0;0;0;0;;70;0;70;70;70;;
CORRALEJO 66;50174;Canarias;;;;;2;;11; N/A ;  ;11;60;E26_SEC;20;Si. Caso b);87;E26_SEC;47;19;0;40;SI;0;0;0;0;0;2;0;2;0;0;0;0;0;0;0;11;0;19;19;19;WSCR_Nudo;Din2_Zona;Din1_Zona;Din1_Zona;Din1_Zona;0;0;0;0;0;;11;0;19;19;19;;
COSCURITA 220;51450;Castilla y León;;;;;;;322; N/A ;  ;322;546;N/A;546;No;825;N/A;825;1274;0;0;N/A;0;0;0;0;0;0;0;0;0;0;0;0;0;0;0;322;0;546;825;825;WSCR_Nudo;Din2_Zona;Est_Dem_Nudo;Est_Alm_Nudo;Est_Alm_Nudo;0;0;0;0;0;;322;0;546;825;825;;
COSLADA 220;50175;Comunidad de Madrid;;;;;;;837; W05_SEPE_BIN ;  ;837;140;E169_SEPE_Bin, E382_SEPE;;No;147;E169_SEPE_Bin, E382_SEPE;0;0;0;0;N/A;0;0;0;0;0;0;0;0;0;0;0;0;0;0;0;;;;;;;;;;;;;;;;Valor de referencia no acordado en la zona estática. ;;;;;;;
COSLADA (COSLADA B) 220;50175;Comunidad de Madrid;;;;;2;;574; W05_SEPE_BIN ;  ;574;75;E169_SEPE_Bin;;No;225;E169_SEPE_Bin;9;0;0;;NO;0;0;0;0;0;0;0;0;0;0;0;0;0;0;0;;;;;;;;;;;;;;;;Valor de referencia no acordado. ;;;;;;;
COSTA DE LA LUZ 220;50176;Andalucía;;;;;2;;211; N/A ;  ;211;99;E314_SEPE;;No;637;E314_SEPE;417;1041;0;;NO;0;0;0;0;0;0;0;0;0;0;0;0;0;0;0;;;;;;;;;;;;;;;;Valor de referencia no acordado. ;;;;;;;
COSTASOL 220;50177;Andalucía;;;;;3;;225; N/A ;  ;225;131;E193_SEPE, E387_SEPE;;Si. Caso c);395;E193_SEPE, E387_SEPE;124;1133;0;;NO;0;0;0;0;0;0;0;0;0;0;0;0;0;0;0;;;;;;;;;;;;;;;;Valor de referencia no acordado. Valor de referencia no acordado en la zona estática. ;;;;;;;
COTORROS 400;51447;Castilla y León;;1;;;;;522; N/A ;  ;468;709;E283_SEPE, E408_SEPE;636;No;1038;E283_SEPE, E408_SEPE;984;722;0;0;N/A;54;54;54;0;0;0;0;0;0;0;54;0;0;0;0;468;0;636;722;722;WSCR_Nudo;Din2_Zona;Est_Dem_Zona;Din1_Zona;Din1_Zona;0;0;0;0;0;;468;0;636;722;722;;
CRISTOBAL COLON 220;50178;Andalucía;1;1;;1;3;;643; N/A ;  ;643;390;E392_SEPE;;No;793;E392_SEPE;163;936;0;;NO;90;0;90;0;0;0;0;0;0;90;0;0;0;800;92;;;;;;;;;;;;;;;;Valor de referencia no acordado. Valor de referencia no acordado en la zona estática. ;;;;;;SI;Resolución de 24 de febrero de 2026, de la Secretaría de Estado de Energía, por la que se resuelve el concurso de capacidad de acceso de demanda en determinados nudos de la red de transporte convocado mediante la Resolución de 11 de julio de 2025, de la Secretaría de Estado de Energía, por la que se convocan los concursos de capacidad de acceso de la red de transporte
CUESTA DE LA VILLA 66;50179;Canarias;;;;;3;;40; N/A ;  ;40;77;N/A;;Si. Caso b);87;N/A;2;1;0;;NO;0;0;0;0;0;68;0;68;0;0;0;0;0;0;0;;;;;;;;;;;;;;;;Valor de referencia no acordado. ;;;;;;;
DAGANZO 220;50180;Comunidad de Madrid;;1;;;2;;277; N/A ;  ;207;264;E292_SEPE;;No;348;E292_SEPE;0;0;0;;NO;70;70;70;0;0;40;40;0;0;0;70;0;0;0;20;;;;;;;;;;;;;;;;Valor de referencia no acordado. Valor de referencia no acordado en la zona estática. ;;;;;;;
DIQUE DEL ESTE 66;50181;Canarias;;1;;;2;;93; N/A ;  ;93;53;N/A;13;Si. Caso b);59;N/A;19;0;0;40;SI;0;0;0;0;0;13;0;13;0;0;0;0;0;0;0;0;0;0;0;0;Din1_Zona;Din2_Zona;Din1_Zona;Din1_Zona;Din1_Zona;0;0;0;0;0;;0;0;0;0;0;;
DON ALVARO 400;51301;Extremadura;;1;;;;;758; N/A ;  ;758;1522;N/A;1507;No ;2036;N/A;2021;532;0;0;N/A;15;0;15;0;0;0;0;0;0;15;0;0;0;55;0;532;0;532;532;532;Din1_Zona;Din2_Zona;Din1_Zona;Din1_Zona;Din1_Zona;532;0;532;532;532;Nudo de concurso. ;0;0;0;0;0;SI;
DON RODRIGO 400;50182;Andalucía;;1;;;;;942; N/A ;  ;942;1107;N/A;895;No ;1511;N/A;895;0;0;0;N/A;0;0;0;0;0;616;616;0;0;0;0;0;0;0;0;0;0;0;0;0;Din1_Zona;Din2_Zona;Din1_Zona;Din1_Zona;Din1_Zona;0;0;0;0;0;;0;0;0;0;0;;
DON RODRIGO 220;50182;Andalucía;1;;;;2;;257; W06_SEPE_BIN ; Superación valor máx Icc ;257;420;E293_SEPE_Bin;259;No ;1325;E293_SEPE_Bin;991;858;0;161;SI;0;0;0;0;0;0;0;0;0;0;0;0;0;0;17;257;0;259;858;858;WSCR_Nudo;Din2_Zona;Est_Dem_Nudo;Din1_Zona;Din1_Zona;0;0;0;0;0;;257;0;259;858;858;;
DON RODRIGO (DON RODRIGO B) 220;50182;Andalucía;;;;;;;583; W06_SEPE_BIN ; Superación valor máx Icc ;310;17;E293_SEPE_Bin;1;No ;610;E293_SEPE_Bin;595;858;0;0;N/A;16;16;16;0;0;0;0;0;0;0;16;0;0;0;0;1;0;1;595;595;Est_Dem_Nudo;Din2_Zona;Est_Dem_Nudo;Est_Alm_Nudo;Est_Alm_Nudo;0;0;0;0;0;;1;0;1;595;595;;
DOS HERMANAS 220;50183;Andalucía;;1;1;;3;;199; N/A ;  ;199;458;N/A;28;No;977;N/A;547;758;0;330;SI;100;0;100;0;0;0;0;0;0;100;0;0;0;7;0;28;0;28;547;547;Est_Dem_Nudo;Din2_Zona;Est_Dem_Nudo;Est_Alm_Nudo;Est_Alm_Nudo;0;0;0;0;0;;28;0;28;547;547;;
DRAGO 66;50774;Canarias;;;;;;;30; N/A ;  ;30;34;E20_SEC;18;No;43;E20_SEC;33;69;0;0;N/A;0;0;0;0;0;0;0;0;0;0;0;0;0;0;0;18;0;18;33;33;Est_Dem_Zona;Din2_Zona;Est_Dem_Zona;Est_Alm_Zona;Est_Alm_Zona;0;0;0;0;0;;18;0;18;33;33;;
DRAGONERA 132;50184;Islas Baleares;;1;;;4;;0; N/A ;  ;0;66;N/A;;No;88;N/A;0;84;0;;NO;0;0;0;0;0;30;30;0;0;0;0;0;0;0;0;;;;;;;;;;;;;;;;Valor de referencia no acordado. ;;;;;;;
EBORA 220;50185;Castilla-La Mancha;;1;;;1;;214; N/A ;  ;214;257;E212_SEPE;;No;413;E212_SEPE;75;1009;0;50;SI;0;0;0;0;0;0;0;0;0;0;0;0;0;0;0;;;;;;;;;;;;;;;;Valor de referencia no acordado en la zona estática. ;;;;;;;
EIRIS 220;50189;Galicia;;;;;2;;385; N/A ;  ;385;106;E244_SEPE, E279_SEPE;;No;217;E244_SEPE, E279_SEPE;41;537;0;;NO;0;0;0;0;0;0;0;0;0;0;0;0;0;0;0;;;;;;;;;;;;;;;;Valor de referencia no acordado. Valor de referencia no acordado en la zona estática. ;;;;;;;
EIXAMPLE 220;50190;Cataluña;;;;;3;;65; N/A ;  ;65;140;E405_SEPE;;No;511;E405_SEPE;215;0;0;40;SI;0;0;0;0;0;0;0;0;0;0;0;0;0;0;0;;;;;;;;;;;;;;;;Valor de referencia no acordado en la zona estática. ;;;;;;;
EL CANTALAR 220;50191;Comunidad Valenciana;;1;;;2;;117; N/A ;  ;117;293;E37_SEPE;;No;739;E37_SEPE;0;897;0;;NO;0;0;0;0;0;0;0;0;0;0;0;0;0;0;0;;;;;;;;;;;;;;;;Valor de referencia no acordado. Valor de referencia no acordado en la zona estática. ;;;;;;;
EL CERRO 220;50192;Castilla y León;1;;;;;;0; N/A ;  ;0;256;E12_SEPE;256;Si. Caso b);283;E12_SEPE;283;1249;0;0;N/A;0;0;0;0;0;0;0;0;0;0;0;0;0;0;56;0;0;256;283;283;WSCR_Nudo;WSCR_Nudo/Din2_Zona;Est_Dem_Nudo;Est_Alm_Nudo;Est_Alm_Nudo;0;0;0;0;0;;0;0;256;283;283;;
EL CONDADO 220;51403;Andalucía;;;;;;;283; N/A ;  ;283;0;N/A;0;No;210;N/A;210;1041;0;0;N/A;0;0;0;0;0;0;0;0;0;0;0;0;0;0;0;0;0;0;210;210;Est_Dem_Nudo;Est_Dem_Nudo/Din2_Zona;Est_Dem_Nudo;Est_Alm_Nudo;Est_Alm_Nudo;0;0;0;0;0;;0;0;0;210;210;;
EL COTO 220;UFD-50222;Comunidad de Madrid;;;;;3;;900; N/A ;  ;900;57;E381_SEPE, E382_SEPE;;No;60;E381_SEPE, E382_SEPE;0;0;0;;NO;0;0;0;0;0;0;0;0;0;0;0;0;0;0;0;;;;;;;;;;;;;;;;Valor de referencia no acordado. Valor de referencia no acordado en la zona estática. ;;;;;;;
EL EMPERADOR 220;50193;Castilla-La Mancha;;;;;;;207; N/A ;  ;207;254;E211_SEPE;213;Si. Caso b);428;E211_SEPE;386;1054;0;0;N/A;42;0;42;0;0;0;0;0;0;42;0;0;0;0;0;207;0;213;386;386;WSCR_Nudo;Din2_Zona;Est_Dem_Nudo;Est_Alm_Nudo;Est_Alm_Nudo;0;0;0;0;0;;207;0;213;386;386;;
EL MORELL 220;50194;Cataluña;;;1;;;;271; N/A ;  ;271;162;E347_SEPE, E364_SEPE;;Si. Caso b);170;E347_SEPE, E364_SEPE;124;0;0;0;N/A;46;0;46;0;0;0;0;0;0;46;0;0;0;0;0;;;;;;;;;;;;;;;;Valor de referencia no acordado en la zona estática. ;;;;;;;
EL PALMAR 400;50195;Región de Murcia;1;;;;;;184; N/A ;  ;183;1324;N/A;1323;No ;1892;N/A;1891;843;0;0;N/A;1;1;1;0;0;0;0;0;0;0;1;0;0;0;0;183;0;843;843;843;WSCR_Nudo;Din2_Zona;Din1_Zona;Din1_Zona;Din1_Zona;0;0;0;0;0;;183;0;843;843;843;;
EL PALMAR 220;50195;Región de Murcia;;;;;6;;54; N/A ;  ;54;334;E39_SEPE;;No;1155;E39_SEPE;192;864;0;;NO;0;0;0;0;0;0;0;0;0;0;0;0;0;0;0;;;;;;;;;;;;;;;;Valor de referencia no acordado. Valor de referencia no acordado en la zona estática. ;;;;;;;
EL PALMAR DE LA GOMERA 66;50725;Canarias;;;;;;2;24; N/A ;  ;24;48;E21_SEC;35;No;50;E21_SEC;37;0;0;13;SI;0;0;0;0;0;0;0;0;0;0;0;0;0;0;0;0;0;0;0;0;Din1_Zona;Din2_Zona;Din1_Zona;Din1_Zona;Din1_Zona;0;0;0;0;0;;0;0;0;0;0;;
EL PALMERAL 220;50196;Comunidad Valenciana;;1;;;3;1;328; N/A ;  ;328;380;E259_SEPE;;No;708;E259_SEPE;370;1057;0;225;SI;0;0;0;0;0;0;0;0;0;0;0;0;0;0;116;;;;;;;;;;;;;;;;Valor de referencia no acordado en la zona estática. ;;;;;;;
EL PALO 400;50197;Principado de Asturias;;1;;;1;;542; N/A ;  ;542;1109;N/A;659;No;1847;N/A;1397;586;0;450;SI;0;0;0;0;0;0;0;0;0;0;0;0;0;0;0;542;0;586;586;586;WSCR_Nudo;Din2_Zona;Din1_Zona;Din1_Zona;Din1_Zona;0;0;0;0;0;;542;0;586;586;586;;
EL PETREL 220;50198;Comunidad Valenciana;;;;;3;;192; N/A ;  ;192;298;E186_SEPE, E386_SEPE;;Si. Caso b);426;E186_SEPE, E386_SEPE;39;1057;0;;NO;0;0;0;0;0;0;0;0;0;0;0;0;0;0;0;;;;;;;;;;;;;;;;Valor de referencia no acordado. Valor de referencia no acordado en la zona estática. ;;;;;;;
EL ROSARIO 220;50726;Canarias;;;;;;;39; N/A ;  ;39;161;N/A;161;No;252;N/A;252;0;0;0;N/A;0;0;0;0;0;0;0;0;0;0;0;0;0;0;0;0;0;0;0;0;Din1_Zona;Din2_Zona;Din1_Zona;Din1_Zona;Din1_Zona;0;0;0;0;0;;0;0;0;0;0;;
EL ROSARIO 66;50726;Canarias;;;;;;;92; N/A ;  ;92;162;N/A;162;No;239;N/A;239;0;0;0;N/A;0;0;0;0;0;0;0;0;0;0;0;0;0;0;0;0;0;0;0;0;Din1_Zona;Din2_Zona;Din1_Zona;Din1_Zona;Din1_Zona;0;0;0;0;0;;0;0;0;0;0;;
EL SEQUERO 220;50199;La Rioja;1;1;;;2;;97; N/A ;  ;97;239;E307_SEPE;108;No;690;E307_SEPE;500;1065;0;131;SI;0;0;0;0;0;19;19;0;0;0;0;0;0;0;0;97;0;108;500;500;WSCR_Nudo;Din2_Zona;Est_Dem_Nudo;Est_Alm_Zona;Est_Alm_Zona;0;0;0;0;0;;97;0;108;500;500;;
EL SERRALLO 220;50727;Comunidad Valenciana;;;;2;;2;706; N/A ;  ;706;383;E34_SEPE;;No;523;E34_SEPE;295;28;0;;NO;0;0;0;0;0;0;0;0;0;0;0;0;0;558;0;;;;;;;;;;;;;;;;Valor de referencia no acordado. Valor de referencia no acordado en la zona estática. ;;;;;;SI;
EL TABLERO 66;50200;Canarias;;;;;2;;71; N/A ;  ;71;36;N/A;0;No;45;N/A;5;5;0;40;SI;0;0;0;0;0;0;0;0;0;0;0;0;0;0;0;0;0;0;5;5;Est_Dem_Nudo;Est_Dem_Nudo/Din2_Zona;Est_Dem_Nudo;Est_Alm_Nudo;Est_Alm_Nudo;0;0;0;0;0;;0;0;0;5;5;;
EL ZUMAJO 220;50798;Andalucía;;1;;;;1;126; N/A ;  ;126;317;N/A;157;No;408;N/A;248;1120;0;160;SI;0;0;0;0;0;0;0;0;0;0;0;0;0;0;0;126;0;157;248;248;WSCR_Nudo;Din2_Zona;Est_Dem_Nudo;Est_Alm_Nudo;Est_Alm_Nudo;0;0;0;0;0;;126;0;157;248;248;;
ELCHE 220;50201;Comunidad Valenciana;;1;;;2;;415; N/A ;  ;415;258;E187_SEPE;22;No;689;E187_SEPE;475;856;0;60;SI;0;0;0;0;0;0;0;0;0;0;0;0;0;0;0;22;0;22;475;475;Est_Dem_Zona;Din2_Zona;Est_Dem_Zona;Est_Alm_Zona;Est_Alm_Zona;0;0;0;0;0;;22;0;22;475;475;;
ELCOGAS 220;50202;Castilla-La Mancha;1;;;;;;130; N/A ;  ;103;304;E20_SEPE, E323_SEPE;76;No;449;E20_SEPE, E323_SEPE;382;1055;0;0;N/A;27;27;27;0;0;40;40;0;0;0;27;0;0;0;0;76;0;76;382;382;Est_Dem_Zona;Din2_Zona;Est_Dem_Zona;Est_Alm_Nudo;Est_Alm_Nudo;0;0;0;0;0;;76;0;76;382;382;;
ELDA 220;50728;Comunidad Valenciana;;1;;;3;;398; N/A ;  ;398;308;E186_SEPE, E386_SEPE;;No;387;E186_SEPE, E386_SEPE;39;1057;0;;NO;0;0;0;0;0;0;0;0;0;0;0;0;0;0;0;;;;;;;;;;;;;;;;Valor de referencia no acordado. Valor de referencia no acordado en la zona estática. ;;;;;;;
ELGEA 220;50203;País Vasco;1;;;;;;22; N/A ;  ;22;271;E256_SEPE;142;Si. Caso b);367;E256_SEPE;142;742;0;0;N/A;0;0;0;0;0;112;112;0;0;0;0;0;0;0;0;22;0;142;142;142;WSCR_Nudo;Din2_Zona;Est_Dem_Zona;Est_Alm_Zona;Est_Alm_Zona;0;0;0;0;0;;22;0;142;142;142;;
ELIANA 400;50204;Comunidad Valenciana;;1;;;2;;1.142; N/A ;  ;1.142;522;E393_SEPE, E407_SEPE;;Si. Caso a);2605;E393_SEPE, E407_SEPE;61;0;0;;NO;0;0;0;0;0;0;0;0;0;0;0;0;0;0;0;;;;;;;;;;;;;;;;Valor de referencia no acordado. Valor de referencia no acordado en la zona estática. ;;;;;;;
ELIANA 220;50204;Comunidad Valenciana;;;;;2;;600; W09_SEPE_BIN ;  ;600;360;E158_SEPE_Bin, E393_SEPE;;No;978;E158_SEPE_Bin, E393_SEPE;61;0;0;;NO;0;0;0;0;0;0;0;0;0;0;0;0;0;0;0;;;;;;;;;;;;;;;;Valor de referencia no acordado. Valor de referencia no acordado en la zona estática. ;;;;;;;
ELIANA (ELIANA B) 220;50204;Comunidad Valenciana;;;;;;;561; W09_SEPE_BIN ;  ;561;112;E158_SEPE_Bin, E393_SEPE;;No;641;E158_SEPE_Bin, E393_SEPE;61;0;0;0;N/A;0;0;0;0;0;0;0;0;0;0;0;0;0;0;0;;;;;;;;;;;;;;;;Valor de referencia no acordado en la zona estática. ;;;;;;;
ELS AUBALS 400;50205;Cataluña;;;;;;;718; N/A ;  ;718;323;N/A;323;No ;1537;N/A;1537;0;0;0;N/A;0;0;0;0;0;0;0;0;0;0;0;0;0;0;0;0;0;0;0;0;Din1_Zona;Din2_Zona;Din1_Zona;Din1_Zona;Din1_Zona;0;0;0;0;0;;0;0;0;0;0;;
ELS AUBALS 220;50205;Cataluña;1;;;;2;;297; N/A ;  ;297;400;N/A;340;No;1014;N/A;954;0;0;60;SI;0;0;0;0;0;0;0;0;0;0;0;0;0;0;0;0;0;0;0;0;Din1_Zona;Din2_Zona;Din1_Zona;Din1_Zona;Din1_Zona;0;0;0;0;0;;0;0;0;0;0;;
ENTRENUCLEOS 220;50729;Andalucía;;1;;;;1;322; N/A ;  ;322;152;E192_SEPE;79;No;222;E192_SEPE;146;860;0;65;SI;0;0;0;0;0;0;0;0;0;0;0;0;0;0;490;79;0;79;146;146;Est_Dem_Zona;Din2_Zona;Est_Dem_Zona;Est_Alm_Zona;Est_Alm_Zona;79;0;79;146;146;Nudo de concurso. ;0;0;0;0;0;SI;
ENTRERRIOS 220;50206;Aragón;;;3;;2;;174; N/A ;  ;174;314;E361_SEPE;;Si. Caso b);521;E361_SEPE;33;0;0;;NO;355;0;355;0;0;0;0;0;0;355;0;0;0;0;0;;;;;;;;;;;;;;;;Valor de referencia no acordado. Valor de referencia no acordado en la zona estática. ;;;;;;;
ERISTE 220;50207;Aragón;2;;;;1;;146; N/A ;  ;146;5;E271_SEPE;;Si. Caso b);190;E271_SEPE;159;331;0;;NO;0;0;0;0;0;0;0;0;0;0;0;0;0;0;41;;;;;;;;;;;;;;;;Valor de referencia no acordado. ;;;;;;;
ES BESSONS 220;50208;Islas Baleares;;;;;;;51; N/A ; Riesgo interacciones ;51;118;N/A;118;No;179;N/A;179;0;0;0;N/A;0;0;0;0;0;0;0;0;0;0;0;0;0;0;0;0;0;0;0;0;Din1_Zona;Din2_Zona;Din1_Zona;Din1_Zona;Din1_Zona;0;0;0;0;0;;0;0;0;0;0;;
ES BESSONS 132;50208;Islas Baleares;;;;;;;25; N/A ; Riesgo interacciones ;25;82;N/A;82;Si. Caso b);109;N/A;109;84;0;0;N/A;0;0;0;0;0;0;0;0;0;0;0;0;0;0;0;25;0;82;84;84;WSCR_Nudo;Din2_Zona;Est_Dem_Nudo;Din1_Zona;Din1_Zona;0;0;0;0;0;;25;0;82;84;84;;
ES BESSONS 66;50208;Islas Baleares;;;;;;;15; W01_SEB_BIN ; Riesgo interacciones ;15;65;E18_SEB_BIN;65;No;81;E18_SEB_BIN;81;113;0;0;N/A;0;0;0;0;0;0;0;0;0;0;0;0;0;0;0;15;0;65;81;81;WSCR_Nudo;Din2_Zona;Est_Dem_Nudo;Est_Alm_Nudo;Est_Alm_Nudo;0;0;0;0;0;;15;0;65;81;81;;
ES BESSONS (ES BESSONS B) 66;50208;Islas Baleares;;;;;;;15; W01_SEB_BIN ; Riesgo interacciones ;15;97;E18_SEB_BIN;97;No;120;E18_SEB_BIN;120;113;0;0;N/A;0;0;0;0;0;0;0;0;0;0;0;0;0;0;0;15;0;97;113;113;WSCR_Nudo;Din2_Zona;Est_Dem_Nudo;Din1_Zona;Din1_Zona;0;0;0;0;0;;15;0;97;113;113;;
ESCALONA 220;50209;Aragón;;;;;;;305; N/A ;  ;305;0;N/A;0;Si. Caso b);231;N/A;231;985;0;0;N/A;0;0;0;0;0;0;0;0;0;0;0;0;0;0;0;0;0;0;231;231;Est_Dem_Nudo;Est_Dem_Nudo/Din2_Zona;Est_Dem_Nudo;Est_Alm_Nudo;Est_Alm_Nudo;0;0;0;0;0;;0;0;0;231;231;;
ESCATRON 400;50210;Aragón;1;1;;;;;1.127; N/A ;  ;725;261;N/A;0;No;1689;N/A;1227;0;0;0;N/A;402;402;402;0;0;60;60;0;0;0;402;0;0;0;0;0;0;0;0;0;Est_Dem_Nudo/Din1_Zona;Est_Dem_Nudo/Din2_Zona;Est_Dem_Nudo/Din1_Zona;Din1_Zona;Din1_Zona;0;0;0;0;0;;0;0;0;0;0;;
ESCATRON 220;50210;Aragón;;1;;;3;;710; N/A ;  ;710;405;E318_SEPE;;No;1030;E318_SEPE;567;0;0;0;N/A;0;0;0;0;0;0;0;0;0;0;0;0;0;37;0;;;;;;;;;;;;;;;;Valor de referencia no acordado en la zona estática. ;;;;;;;
ESCOBAR 66;50730;Canarias;;;;;;;0; N/A ;  ;0;98;E08_SEC;;No;120;E08_SEC;2;0;0;0;N/A;0;0;0;0;0;0;0;0;0;0;0;0;0;0;0;;;;;;;;;;;;;;;;Valor de referencia no acordado en la zona estática. ;;;;;;;
ESCUCHA 220;50212;Aragón;2;;;;1;;40; N/A ;  ;40;284;E202_SEPE, E397_SEPE;34;Si. Caso b);400;E202_SEPE, E397_SEPE;143;485;0;100;SI;0;0;0;0;0;0;0;0;0;0;0;0;0;0;444;34;0;34;143;143;Est_Dem_Zona;Din2_Zona;Est_Dem_Zona;Est_Alm_Zona;Est_Alm_Zona;34;0;34;143;143;Nudo de concurso. ;0;0;0;0;0;SI;
ESPARTAL 220;50213;Aragón;2;;;2;1;;393; N/A ;  ;193;498;E318_SEPE;;No;684;E318_SEPE;309;0;0;;NO;286;200;286;0;0;0;0;0;0;86;200;0;0;0;0;;;;;;;;;;;;;;;;Valor de referencia no acordado. Valor de referencia no acordado en la zona estática. ;;;;;;;
ESPINARDO 220;51402;Región de Murcia;;;;;;1;89; N/A ;  ;89;328;E39_SEPE;;No;493;E39_SEPE;192;864;0;;NO;0;0;0;0;0;0;0;0;0;0;0;0;0;0;0;;;;;;;;;;;;;;;;Valor de referencia no acordado. Valor de referencia no acordado en la zona estática. ;;;;;;;
ESQUEDAS 220;50214;Aragón;;1;;2;1;1;350; N/A ;  ;112;266;E333_SEPE;;No;434;E333_SEPE;0;1040;0;;NO;238;238;238;0;0;0;0;0;0;0;238;0;0;0;0;;;;;;;;;;;;;;;;Valor de referencia no acordado. Valor de referencia no acordado en la zona estática. ;;;;;;;
FACINAS 220;50219;Andalucía;3;;;;;;0; N/A ;  ;0;22;N/A;22;Si. Caso b);511;N/A;511;817;0;0;N/A;0;0;0;0;0;0;0;0;0;0;0;0;0;0;50;0;0;22;511;511;WSCR_Nudo;WSCR_Nudo/Din2_Zona;Est_Dem_Nudo;Est_Alm_Nudo;Est_Alm_Nudo;0;0;0;0;0;;0;0;22;511;511;;
FACULTATS 220;50220;Cataluña;;;;;2;;361; N/A ;  ;361;113;N/A;50;No;477;N/A;414;0;0;63;SI;0;0;0;0;0;0;0;0;0;0;0;0;0;0;0;0;0;0;0;0;Din1_Zona;Din2_Zona;Din1_Zona;Din1_Zona;Din1_Zona;0;0;0;0;0;;0;0;0;0;0;;
FADRELL 400;51408;Comunidad Valenciana;;;;;;;294; N/A ;  ;294;1057;E272_SEPE;1057;No ;2071;E272_SEPE;2071;0;0;0;N/A;0;0;0;0;0;0;0;0;0;0;0;0;0;0;0;0;0;0;0;0;Din1_Zona;Din2_Zona;Din1_Zona;Din1_Zona;Din1_Zona;0;0;0;0;0;;0;0;0;0;0;;
FALCA 66;50221;Islas Baleares;;;;;2;;162; N/A ; Riesgo interacciones ;162;63;N/A;19;No;79;N/A;35;0;0;44;SI;0;0;0;0;0;10;0;10;0;0;0;0;0;0;0;0;0;0;0;0;Din1_Zona;Din2_Zona;Din1_Zona;Din1_Zona;Din1_Zona;0;0;0;0;0;;0;0;0;0;0;;
FARGUE 220;50222;Andalucía;;1;;;2;;184; N/A ;  ;184;855;E274_SEPE, E395_SEPE;;No;912;E274_SEPE, E395_SEPE;268;740;0;;NO;0;0;0;0;0;0;0;0;0;0;0;0;0;0;0;;;;;;;;;;;;;;;;Valor de referencia no acordado. Valor de referencia no acordado en la zona estática. ;;;;;;;
FARNERS 400;51453;Cataluña;;;;;;;649; N/A ; Riesgo interacciones ;649;445;N/A;445;No ;1642;N/A;1642;0;0;0;N/A;0;0;0;0;0;0;0;0;0;0;0;0;0;0;0;0;0;0;0;0;Din1_Zona;Din2_Zona;Din1_Zona;Din1_Zona;Din1_Zona;0;0;0;0;0;;0;0;0;0;0;;
FARNERS 220;51453;Cataluña;;;;;;;407; N/A ; Riesgo interacciones ;407;359;E357_SEPE;104;No;813;E357_SEPE;535;0;0;0;N/A;0;0;0;0;0;0;0;0;0;0;0;0;0;0;0;0;0;0;0;0;Din1_Zona;Din2_Zona;Din1_Zona;Din1_Zona;Din1_Zona;0;0;0;0;0;;0;0;0;0;0;;
FAUSITA 400;50223;Región de Murcia;3;1;;;;;269; N/A ;  ;269;958;E331_SEPE;504;Si. Caso c);1223;E331_SEPE;1223;864;0;0;N/A;0;0;0;0;0;0;0;0;0;0;0;0;0;0;0;269;0;504;864;864;WSCR_Nudo;Din2_Zona;Est_Dem_Zona;Din1_Zona;Din1_Zona;0;0;0;0;0;;269;0;504;864;864;;
FAUSITA 220;50223;Región de Murcia;;1;;1;1;;482; N/A ;  ;307;284;N/A;;No;1394;N/A;715;773;0;;NO;175;175;175;0;0;91;91;0;0;0;175;0;0;0;94;;;;;;;;;;;;;;;;Valor de referencia no acordado. ;;;;;;;
FERIA DE MUESTRAS 220;50224;Comunidad Valenciana;;;;;3;;290; N/A ;  ;290;148;N/A;48;No;518;N/A;418;1003;0;100;SI;0;0;0;0;0;8;0;8;0;0;0;0;0;0;0;48;0;48;418;418;Est_Dem_Nudo;Din2_Zona;Est_Dem_Nudo;Est_Alm_Nudo;Est_Alm_Nudo;0;0;0;0;0;;48;0;48;418;418;;
FOIX 220;50225;Cataluña;;;;;2;;475; N/A ;  ;475;297;N/A;242;No;575;N/A;520;0;0;55;SI;0;0;0;0;0;0;0;0;0;0;0;0;0;0;0;0;0;0;0;0;Din1_Zona;Din2_Zona;Din1_Zona;Din1_Zona;Din1_Zona;0;0;0;0;0;;0;0;0;0;0;;
FONTEFRIA 400;50731;Galicia;;;;;;;752; N/A ;  ;752;0;N/A;0;No ;1179;N/A;1179;791;0;0;N/A;0;0;0;0;0;0;0;0;0;0;0;0;0;0;0;0;0;0;791;791;Est_Dem_Nudo;Est_Dem_Nudo/Din2_Zona;Est_Dem_Nudo;Din1_Zona;Din1_Zona;0;0;0;0;0;;0;0;0;791;791;;
FONTEFRIA 220;50731;Galicia;;1;;;;;429; N/A ;  ;429;148;E328_SEPE;148;No;999;E328_SEPE;930;1274;0;0;N/A;0;0;0;0;0;0;0;0;0;0;0;0;0;0;0;148;0;148;930;930;Est_Dem_Nudo;Din2_Zona;Est_Dem_Nudo;Est_Alm_Zona;Est_Alm_Zona;0;0;0;0;0;;148;0;148;930;930;;
FORADADA 220;52068;Aragón;;;;;;;383; N/A ;  ;383;0;E271_SEPE;;No;345;E271_SEPE;159;331;0;0;N/A;0;0;0;0;0;0;0;0;0;0;0;0;0;0;0;;;;;;;;;;;;;;;;Valor de referencia no acordado en la zona estática. ;;;;;;;
FORMENTERA 132;50226;Islas Baleares;;;;;;;3; N/A ; Riesgo interacciones ;3;43;N/A;43;Si. Caso a);48;N/A;48;0;0;0;N/A;0;0;0;0;0;0;0;0;0;0;0;0;0;0;0;0;0;0;0;0;Din1_Zona;Din2_Zona;Din1_Zona;Din1_Zona;Din1_Zona;0;0;0;0;0;;0;0;0;0;0;;
FORMENTERA 30;50226;Islas Baleares;;;;;2;;2; N/A ;  ;2;43;N/A;16;No;48;N/A;21;0;0;27;SI;0;0;0;0;0;0;0;0;0;0;0;0;0;0;0;0;0;0;0;0;Din1_Zona;Din2_Zona;Din1_Zona;Din1_Zona;Din1_Zona;0;0;0;0;0;;0;0;0;0;0;;
FORTUNA 220;50227;Comunidad de Madrid;;1;;;3;;563; N/A ;  ;563;48;E390_SEPE;;No;280;E390_SEPE;0;0;0;;NO;0;0;0;0;0;0;0;0;0;0;0;0;0;163;0;;;;;;;;;;;;;;;;Valor de referencia no acordado. Valor de referencia no acordado en la zona estática. ;;;;;;SI;
FRANCOLI 220;52041;Cataluña;;;;3;;;353; N/A ;  ;353;497;E347_SEPE, E364_SEPE;;No;822;E347_SEPE, E364_SEPE;138;0;0;0;N/A;156;0;156;0;0;0;0;0;0;156;0;0;0;150;0;;;;;;;;;;;;;;;;Valor de referencia no acordado en la zona estática. ;;;;;;;Resolución de 24 de febrero de 2026, de la Secretaría de Estado de Energía, por la que se resuelve el concurso de capacidad de acceso de demanda en determinados nudos de la red de transporte convocado mediante la Resolución de 11 de julio de 2025, de la Secretaría de Estado de Energía, por la que se convocan los concursos de capacidad de acceso de la red de transporte
FRANQUESES 220;50228;Cataluña;;;;;5;;375; N/A ;  ;375;352;E206_SEPE;46;Si. Caso b);515;E206_SEPE;250;606;0;221;SI;0;0;0;0;0;20;0;20;0;0;0;0;0;0;0;46;0;46;250;250;Est_Dem_Zona;Din2_Zona;Est_Dem_Zona;Est_Alm_Zona;Est_Alm_Zona;0;0;0;0;0;;46;0;46;250;250;;
FRIEIRA 220;50229;Galicia;1;;;;1;;397; N/A ;  ;397;211;E280_SEPE;3;No;597;E280_SEPE;350;1300;0;100;SI;0;0;0;0;0;0;0;0;0;0;0;0;0;0;0;3;0;3;350;350;Est_Dem_Zona;Din2_Zona;Est_Dem_Zona;Est_Alm_Zona;Est_Alm_Zona;3;0;3;350;350;Margen zonal reservado para concurso. ;0;0;0;0;0;;
FUENCALIENTE 66;51451;Canarias;;1;;;;;16; N/A ;  ;16;30;N/A;30;No;32;N/A;32;0;0;0;N/A;0;0;0;0;0;0;0;0;0;0;0;0;0;0;0;0;0;0;0;0;Din1_Zona;Din2_Zona;Din1_Zona;Din1_Zona;Din1_Zona;0;0;0;0;0;;0;0;0;0;0;;
FUENCARRAL 400;50230;Comunidad de Madrid;;1;;;1;;1.159; N/A ;  ;1.159;255;N/A;;Si. Caso a);718;N/A;268;0;0;;NO;0;0;0;0;0;0;0;0;0;0;0;0;0;150;0;;;;;;;;;;;;;;;;Valor de referencia no acordado. ;;;;;;;
FUENCARRAL 220;50230;Comunidad de Madrid;;1;;;6;;0; N/A ; Superación valor máx Icc ;0;722;E45_SEPE, E276_SEPE;;No;1498;E45_SEPE, E276_SEPE;316;0;0;;NO;0;0;0;0;0;0;0;0;0;0;0;0;0;0;0;;;;;;;;;;;;;;;;Valor de referencia no acordado. Valor de referencia no acordado en la zona estática. ;;;;;;;
FUENDETODOS 400;50231;Aragón;;1;;;;;652; N/A ;  ;652;439;N/A;439;Si. Caso c);1343;N/A;1183;0;0;0;N/A;0;0;0;0;0;160;160;0;0;0;0;0;0;0;0;0;0;0;0;0;Din1_Zona;Din2_Zona;Din1_Zona;Din1_Zona;Din1_Zona;0;0;0;0;0;;0;0;0;0;0;;
FUENDETODOS 220;50231;Aragón;4;;;;1;;135; N/A ; Superación valor máx Icc ;135;1387;N/A;1227;No;1694;N/A;1534;0;0;160;SI;0;0;0;0;0;0;0;0;0;0;0;0;0;57;35;0;0;0;0;0;Din1_Zona;Din2_Zona;Din1_Zona;Din1_Zona;Din1_Zona;0;0;0;0;0;;0;0;0;0;0;SI;
FUENLABRADA 220;50232;Comunidad de Madrid;2;1;;;2;;726; N/A ;  ;726;77;N/A;;No;253;N/A;70;0;0;;NO;39;0;39;0;0;25;25;0;0;39;0;0;0;1;0;;;;;;;;;;;;;;;;Valor de referencia no acordado. ;;;;;;SI;
FUENTE DE CANTOS 400;52076;Extremadura;;1;;;;;783; N/A ;  ;783;1805;N/A;1805;No ;2660;N/A;2660;725;0;0;N/A;0;0;0;0;0;0;0;0;0;0;0;0;0;39;0;725;0;725;725;725;Din1_Zona;Din2_Zona;Din1_Zona;Din1_Zona;Din1_Zona;725;0;725;725;725;Nudo de concurso. ;0;0;0;0;0;SI;
FUENTE DEL MAESTRE 400;52075;Extremadura;;1;;;;;945; N/A ;  ;945;624;E327_SEPE;624;No ;2137;E327_SEPE;2137;510;0;0;N/A;0;0;0;0;0;0;0;0;0;0;0;0;0;27;0;510;0;510;510;510;Din1_Zona;Din2_Zona;Din1_Zona;Din1_Zona;Din1_Zona;0;0;0;0;0;;510;0;510;510;510;;
FUENTE HITO 220;51255;Comunidad de Madrid;;;;;;2;384; N/A ; Superación valor máx Icc ;384;372;N/A;197;No;650;N/A;475;0;0;175;SI;0;0;0;0;0;0;0;0;0;0;0;0;0;0;0;0;0;0;0;0;Din1_Zona;Din2_Zona;Din1_Zona;Din1_Zona;Din1_Zona;0;0;0;0;0;;0;0;0;0;0;;
FUENTE SAN LUIS 220;50233;Comunidad Valenciana;;;;;4;;398; N/A ;  ;398;165;E340_SEPE;;No;839;E340_SEPE;0;0;0;;NO;0;0;0;0;0;0;0;0;0;0;0;0;0;0;0;;;;;;;;;;;;;;;;Valor de referencia no acordado. Valor de referencia no acordado en la zona estática. ;;;;;;;
FUENTEBUREBA 400;51372;Castilla y León;;1;;;;;497; N/A ;  ;447;699;E283_SEPE, E408_SEPE;624;No ;1107;E283_SEPE, E408_SEPE;991;905;0;0;N/A;76;51;76;0;0;0;0;0;0;25;51;0;0;0;0;447;0;624;905;905;WSCR_Nudo;Din2_Zona;Est_Dem_Nudo;Din1_Zona;Din1_Zona;0;0;0;0;0;;447;0;624;905;905;;
FUENTES DE LA ALCARRIA 400;50234;Castilla-La Mancha;1;1;;;1;;156; N/A ;  ;156;1416;E353_SEPE, E370_SEPE;920;No;2299;E353_SEPE, E370_SEPE;1804;0;0;450;SI;45;0;45;0;0;0;0;0;0;45;0;0;0;45;0;0;0;0;0;0;Din1_Zona;Din2_Zona;Din1_Zona;Din1_Zona;Din1_Zona;0;0;0;0;0;;0;0;0;0;0;SI;
GABIAS 220;50235;Andalucía;;1;;;2;;228; N/A ;  ;228;129;E396_SEPE;;Si. Caso c);388;E396_SEPE;0;1105;0;;NO;0;0;0;0;0;0;0;0;0;0;0;0;0;0;50;;;;;;;;;;;;;;;;Valor de referencia no acordado. Valor de referencia no acordado en la zona estática. ;;;;;;;
GALAPAGAR 400;50236;Comunidad de Madrid;;;;;;;1.236; N/A ;  ;1.236;501;N/A;501;No ;1589;N/A;1589;0;0;0;N/A;0;0;0;0;0;0;0;0;0;0;0;0;0;0;0;0;0;0;0;0;Din1_Zona;Din2_Zona;Din1_Zona;Din1_Zona;Din1_Zona;0;0;0;0;0;;0;0;0;0;0;;
GALAPAGAR 220;50236;Comunidad de Madrid;;1;;;;2;512; N/A ;  ;487;75;E379_SEPE;;No;488;E379_SEPE;339;0;0;124;SI;25;25;25;0;0;0;0;0;0;0;25;0;0;0;0;;;;;;;;;;;;;;;;Valor de referencia no acordado en la zona estática. ;;;;;;;
GAMARRA 220;50237;País Vasco;;;2;;3;;255; N/A ;  ;255;285;E335_SEPE;;Si. Caso b);442;E335_SEPE;272;809;0;107;SI;63;0;63;0;0;0;0;0;0;63;0;0;0;0;0;;;;;;;;;;;;;;;;Valor de referencia no acordado en la zona estática. ;;;;;;;
GANDIA 220;50238;Comunidad Valenciana;;;;;5;;178; N/A ;  ;178;187;E240_SEPE;;No;303;E240_SEPE;0;665;0;;NO;0;0;0;0;0;0;0;0;0;0;0;0;0;0;0;;;;;;;;;;;;;;;;Valor de referencia no acordado. Valor de referencia no acordado en la zona estática. ;;;;;;;
GAROÑA 220;50239;Castilla y León;;1;;;;;55; N/A ;  ;55;216;N/A;216;No;1056;N/A;1056;881;0;0;N/A;0;0;0;0;0;0;0;0;0;0;0;0;0;0;160;55;0;216;881;881;WSCR_Nudo;Din2_Zona;Est_Dem_Nudo;Din1_Zona;Din1_Zona;0;0;0;0;0;;55;0;216;881;881;;
GARRAF 400;50240;Cataluña;;1;;;1;1;712; N/A ;  ;712;402;N/A;;Si. Caso c);1300;N/A;838;0;0;;NO;0;0;0;0;0;0;0;0;0;0;0;0;0;0;0;;;;;;;;;;;;;;;;Valor de referencia no acordado. ;;;;;;;
GATICA 400;50241;País Vasco;;1;;;1;;910; N/A ; Riesgo interacciones ;910;500;E394_SEPE;192;Si. Caso a);1292;E394_SEPE;992;282;0;300;SI;0;0;0;0;0;0;0;0;0;0;0;0;0;0;0;192;0;192;282;282;Est_Dem_Zona;Din2_Zona;Est_Dem_Zona;Din1_Zona;Din1_Zona;0;0;0;0;0;;192;0;192;282;282;;
GATICA 220;50241;País Vasco;;1;;;1;;498; N/A ;  ;498;90;N/A;;No;872;N/A;647;993;0;;NO;0;0;0;0;0;0;0;0;0;0;0;0;0;0;0;;;;;;;;;;;;;;;;Valor de referencia no acordado. ;;;;;;;
GAUSSA 400;50242;Comunidad Valenciana;;1;;;;;452; N/A ;  ;452;555;E393_SEPE;;No;1980;E393_SEPE;61;0;0;0;N/A;0;0;0;0;0;0;0;0;0;0;0;0;0;0;0;;;;;;;;;;;;;;;;Valor de referencia no acordado en la zona estática. ;;;;;;;
GAVARROT 220;50243;Cataluña;;;;;;;732; N/A ;  ;732;102;N/A;102;No;422;N/A;422;0;0;0;N/A;0;0;0;0;0;0;0;0;0;0;0;0;0;0;0;0;0;0;0;0;Din1_Zona;Din2_Zona;Din1_Zona;Din1_Zona;Din1_Zona;0;0;0;0;0;;0;0;0;0;0;;
GAZULES 220;50244;Andalucía;2;1;;;;;30; N/A ;  ;30;327;N/A;327;No;1072;N/A;897;944;0;0;N/A;0;0;0;0;0;174;174;0;0;0;0;0;0;0;0;30;0;327;897;897;WSCR_Nudo;Din2_Zona;Est_Dem_Nudo;Est_Alm_Nudo;Est_Alm_Nudo;0;0;0;0;0;;30;0;327;897;897;;
GENETO 66;50245;Canarias;;;;;2;;82; N/A ;  ;82;151;N/A;97;Si. Caso b);160;N/A;106;0;0;54;SI;0;0;0;0;0;0;0;0;0;0;0;0;0;0;0;0;0;0;0;0;Din1_Zona;Din2_Zona;Din1_Zona;Din1_Zona;Din1_Zona;0;0;0;0;0;;0;0;0;0;0;;
GETAFE 220;50246;Comunidad de Madrid;;;;;2;;637; N/A ;  ;637;96;E400_SEPE;;Si. Caso b);280;E400_SEPE;0;0;0;;NO;0;0;0;0;0;0;0;0;0;0;0;0;0;0;0;;;;;;;;;;;;;;;;Valor de referencia no acordado. Valor de referencia no acordado en la zona estática. ;;;;;;;
GODELLETA 400;50732;Comunidad Valenciana;;1;;;;;1.166; N/A ;  ;1.166;1643;N/A;1643;No ;3188;N/A;3188;0;0;0;N/A;0;0;0;0;0;0;0;0;0;0;0;0;0;0;0;0;0;0;0;0;Din1_Zona;Din2_Zona;Din1_Zona;Din1_Zona;Din1_Zona;0;0;0;0;0;;0;0;0;0;0;;
GODELLETA 220;50732;Comunidad Valenciana;;1;;;;;627; N/A ;  ;627;455;N/A;455;No;965;N/A;965;1235;0;0;N/A;0;0;0;0;0;0;0;0;0;0;0;0;0;1;0;455;0;455;965;965;Est_Dem_Nudo;Din2_Zona;Est_Dem_Nudo;Est_Alm_Nudo;Est_Alm_Nudo;0;0;0;0;0;;455;0;455;965;965;;
GRADO 220;50247;Aragón;2;;;;;;143; N/A ;  ;143;6;E200_SEPE;0;Si. Caso b);336;E200_SEPE;302;1007;0;34;SI;0;0;0;0;0;0;0;0;0;0;0;0;0;0;13;0;0;0;302;302;Est_Dem_Nudo/Est_Dem_Zona;Est_Dem_Nudo/Est_Dem_Zona/Din2_Zona;Est_Dem_Nudo/Est_Dem_Zona;Est_Alm_Nudo;Est_Alm_Nudo;0;0;0;0;0;;0;0;0;302;302;;
GRAMANET 220;50248;Cataluña;;;;;5;;273; W07_SEPE_BIN ;  ;273;161;E154_SEPE_Bin;;No;577;E154_SEPE_Bin;393;0;0;;NO;0;0;0;0;0;0;0;0;0;0;0;0;0;0;0;;;;;;;;;;;;;;;;Valor de referencia no acordado. ;;;;;;;
GRAMANET (GRAMANET B) 220;50248;Cataluña;;;;;;;122; W07_SEPE_BIN ;  ;122;65;E154_SEPE_Bin;;No;440;E154_SEPE_Bin;440;0;0;0;N/A;0;0;0;0;0;0;0;0;0;0;0;0;0;0;0;;;;;;;;;;;;;;;;Valor de referencia no acordado en la zona estática. ;;;;;;;
GRAN TARAJAL 132;50249;Canarias;;1;;;;;3; N/A ;  ;3;60;N/A;60;No;87;N/A;87;0;0;0;N/A;0;0;0;0;0;0;0;0;0;0;0;0;0;0;0;0;0;0;0;0;Din1_Zona;Din2_Zona;Din1_Zona;Din1_Zona;Din1_Zona;0;0;0;0;0;;0;0;0;0;0;;
GRAN TARAJAL 66;50249;Canarias;;;;;2;;7; N/A ;  ;7;74;N/A;56;Si. Caso b);80;N/A;62;0;0;18;SI;0;0;0;0;0;0;0;0;0;0;0;0;0;0;0;0;0;0;0;0;Din1_Zona;Din2_Zona;Din1_Zona;Din1_Zona;Din1_Zona;0;0;0;0;0;;0;0;0;0;0;;
GRANADILLA 220;50250;Canarias;5;;;;;;0; W03_SEC_BIN ;  ;0;237;E32_SEC_BIN;237;No;272;E32_SEC_BIN;272;0;0;0;N/A;0;0;0;0;0;0;0;0;0;0;0;0;0;0;0;0;0;0;0;0;WSCR_Nudo/WSCR_Zona/Din1_Zona;WSCR_Nudo/WSCR_Zona/Din2_Zona;Din1_Zona;Din1_Zona;Din1_Zona;0;0;0;0;0;;0;0;0;0;0;;
GRANADILLA 66;50250;Canarias;4;1;;;;;33; N/A ;  ;33;225;E19_SEC;46;No;258;E19_SEC;55;0;0;0;N/A;0;0;0;0;0;0;0;0;0;0;0;0;0;0;0;0;0;0;0;0;Din1_Zona;Din2_Zona;Din1_Zona;Din1_Zona;Din1_Zona;0;0;0;0;0;;0;0;0;0;0;;
GRANADILLA (GRANADILLA B) 220;52093;Canarias;3;1;;;;;0; W03_SEC_BIN ;  ;0;153;E32_SEC_BIN;153;No;252;E32_SEC_BIN;252;0;0;0;N/A;0;0;0;0;0;0;0;0;0;0;0;0;0;0;0;0;0;0;0;0;WSCR_Nudo/WSCR_Zona/Din1_Zona;WSCR_Nudo/WSCR_Zona/Din2_Zona;Din1_Zona;Din1_Zona;Din1_Zona;0;0;0;0;0;;0;0;0;0;0;;
GRIJOTA 400;50251;Castilla y León;1;1;;;;;219; N/A ;  ;210;2296;N/A;2264;No ;3021;N/A;2974;0;0;0;N/A;32;9;32;0;0;15;15;0;0;23;9;0;0;0;0;0;0;0;0;0;Din1_Zona;Din2_Zona;Din1_Zona;Din1_Zona;Din1_Zona;0;0;0;0;0;;0;0;0;0;0;;
GUADAIRA 220;51246;Andalucía;;;;;;2;458; N/A ;  ;458;99;E368_SEPE;;No;429;E368_SEPE;125;1026;0;;NO;0;0;0;0;0;0;0;0;0;0;0;0;0;0;0;;;;;;;;;;;;;;;;Valor de referencia no acordado. Valor de referencia no acordado en la zona estática. ;;;;;;;
GUADAME 400;50252;Andalucía;;1;;;;;876; N/A ;  ;875;1948;E315_SEPE;1947;No ;2650;E315_SEPE;2489;1003;0;0;N/A;1;1;1;0;0;30;30;0;0;0;1;0;0;0;0;875;0;1003;1003;1003;WSCR_Nudo;Din2_Zona;Din1_Zona;Din1_Zona;Din1_Zona;0;0;0;0;0;;875;0;1003;1003;1003;;
GUADAME 220;50252;Andalucía;;1;;;;;503; N/A ;  ;503;184;N/A;184;No ;951;N/A;951;1093;0;0;N/A;0;0;0;0;0;0;0;0;0;0;0;0;0;0;0;184;0;184;951;951;Est_Dem_Nudo;Din2_Zona;Est_Dem_Nudo;Est_Alm_Nudo;Est_Alm_Nudo;0;0;0;0;0;;184;0;184;951;951;;
GUADIANA 400;51291;Extremadura;;;;;;;26; N/A ;  ;26;570;E269_SEPE, E327_SEPE;240;No ;1777;E269_SEPE, E327_SEPE;1473;0;0;0;N/A;0;0;0;0;0;0;0;0;0;0;0;0;0;0;0;0;0;0;0;0;Din1_Zona;Din2_Zona;Din1_Zona;Din1_Zona;Din1_Zona;0;0;0;0;0;;0;0;0;0;0;;
GUAJARA 66;50253;Canarias;;;;;4;;66; N/A ;  ;66;149;N/A;83;No;158;N/A;92;0;0;64;SI;2;0;2;0;0;33;0;33;0;2;0;0;0;0;0;0;0;0;0;0;Din1_Zona;Din2_Zona;Din1_Zona;Din1_Zona;Din1_Zona;0;0;0;0;0;;0;0;0;0;0;;
GUARDO 220;50255;Castilla y León;1;;;;3;;0; N/A ;  ;0;420;N/A;325;No;602;N/A;507;1300;0;95;SI;0;0;0;0;0;0;0;0;0;0;0;0;0;0;0;0;0;325;507;507;WSCR_Nudo;Din2_Zona;Est_Dem_Nudo;Est_Alm_Nudo;Est_Alm_Nudo;0;0;0;0;0;;0;0;325;507;507;;
GUEÑES 400;50256;País Vasco;;;;;;;1.112; N/A ; Riesgo interacciones ;1.112;912;N/A;912;No ;3603;N/A;3603;0;0;0;N/A;0;0;0;0;0;0;0;0;0;0;0;0;0;0;0;0;0;0;0;0;Din1_Zona;Din2_Zona;Din1_Zona;Din1_Zona;Din1_Zona;0;0;0;0;0;;0;0;0;0;0;;
GUEÑES 220;50256;País Vasco;;;;;;;712; N/A ;  ;712;373;E9_SEPE;0;No;1031;E9_SEPE;664;341;0;0;N/A;220;0;220;0;0;0;0;0;0;220;0;0;0;0;0;0;0;0;341;341;Est_Dem_Zona;Din2_Zona;Est_Dem_Zona;Din1_Zona;Din1_Zona;0;0;0;0;0;;0;0;0;341;341;;
GUIA 66;50257;Canarias;;1;;;2;;20; N/A ;  ;20;44;N/A;4;Si. Caso b);46;N/A;6;0;0;40;SI;0;0;0;0;0;7;0;7;0;0;0;0;0;0;0;0;0;0;0;0;Din1_Zona;Din2_Zona;Din1_Zona;Din1_Zona;Din1_Zona;0;0;0;0;0;;0;0;0;0;0;;
GUIA DE ISORA 66;50258;Canarias;1;;;;1;;0; N/A ;  ;0;55;E18_SEC;;Si. Caso b);65;E18_SEC;0;0;0;;NO;0;0;0;0;0;73;73;0;0;0;0;0;0;0;0;;;;;;;;;;;;;;;;Valor de referencia no acordado. ;;;;;;;
GUILLENA 400;50259;Andalucía;;1;;;;;1.033; N/A ;  ;1.033;2693;N/A;2693;No ;3826;N/A;3826;315;0;0;N/A;0;0;0;0;0;0;0;0;0;0;0;0;0;0;43;315;0;315;315;315;Din1_Zona;Din2_Zona;Din1_Zona;Din1_Zona;Din1_Zona;0;0;0;0;0;;315;0;315;315;315;;
GUILLENA 220;50259;Andalucía;3;;;;2;;246; W08_SEPE_BIN ;  ;246;197;E148_SEPE_Bin;;No;477;E148_SEPE_Bin;42;348;0;;NO;0;0;0;0;0;210;210;0;0;0;0;0;0;0;0;;;;;;;;;;;;;;;;Valor de referencia no acordado. ;;;;;;;
GUILLENA (GUILLENA B) 220;50259;Andalucía;;;;;;;603; W08_SEPE_BIN ;  ;484;626;E148_SEPE_Bin, E297_SEPE;;No;1333;E148_SEPE_Bin, E297_SEPE;759;348;0;0;N/A;0;0;0;0;0;0;0;0;0;0;0;0;0;0;0;;;;;;;;;;;;;;;;Valor de referencia no acordado en la zona estática. ;;;;;;;
GUINCHOS 66;50260;Canarias;7;;;;2;1;0; N/A ;  ;0;40;N/A;10;No;45;N/A;15;0;0;30;SI;0;0;0;0;0;0;0;0;0;0;0;0;0;0;0;0;0;0;0;0;WSCR_Nudo/Din1_Zona;WSCR_Nudo/Din2_Zona;Din1_Zona;Din1_Zona;Din1_Zona;0;0;0;0;0;;0;0;0;0;0;;
GUIXERES 220;50261;Cataluña;;;;;2;;615; N/A ;  ;615;162;N/A;69;No;470;N/A;376;0;0;93;SI;0;0;0;0;0;40;0;40;0;0;0;0;0;0;0;0;0;0;0;0;Din1_Zona;Din2_Zona;Din1_Zona;Din1_Zona;Din1_Zona;0;0;0;0;0;;0;0;0;0;0;;
GURREA 220;50262;Aragón;2;1;;;;;60; N/A ;  ;38;724;E333_SEPE;;Si. Caso a);948;E333_SEPE;212;0;0;0;N/A;45;22;45;0;0;0;0;0;0;23;22;0;0;0;38;;;;;;;;;;;;;;;;Valor de referencia no acordado en la zona estática. ;;;;;;;
HARÍA 66;52091;Canarias;;;;;;;52; N/A ;  ;52;76;N/A;76;No;80;N/A;80;0;0;0;N/A;0;0;0;0;0;0;0;0;0;0;0;0;0;0;0;0;0;0;0;0;Din1_Zona;Din2_Zona;Din1_Zona;Din1_Zona;Din1_Zona;0;0;0;0;0;;0;0;0;0;0;;
HARO 220;50263;La Rioja;;1;;;1;1;129; N/A ;  ;129;246;E194_SEPE;;No;427;E194_SEPE;0;1240;0;;NO;0;0;0;0;0;0;0;0;0;0;0;0;0;0;141;;;;;;;;;;;;;;;;Valor de referencia no acordado. Valor de referencia no acordado en la zona estática. ;;;;;;;
HERNANI 400;50264;País Vasco;;;;;2;;917; N/A ;  ;917;1078;N/A;607;No;1600;N/A;1129;414;0;420;SI;51;0;51;0;0;0;0;0;0;51;0;0;0;0;0;414;0;414;414;414;Din1_Zona;Din2_Zona;Din1_Zona;Din1_Zona;Din1_Zona;0;0;0;0;0;;414;0;414;414;414;;
HERNANI 220;50264;País Vasco;;;;;2;;504; N/A ;  ;504;133;N/A;;No;715;N/A;582;993;0;;NO;0;0;0;0;0;0;0;0;0;0;0;0;0;0;0;;;;;;;;;;;;;;;;Valor de referencia no acordado. ;;;;;;;
HERRERA 400;50265;Castilla y León;1;1;;;;;364; N/A ;  ;364;1971;E337_SEPE;287;No ;3817;E337_SEPE;2604;0;0;0;N/A;0;0;0;0;0;0;0;0;0;0;0;0;0;91;106;0;0;0;0;0;Din1_Zona;Din2_Zona;Din1_Zona;Din1_Zona;Din1_Zona;0;0;0;0;0;;0;0;0;0;0;SI;
HERRERA 220;50265;Castilla y León;;;;;;;195; N/A ;  ;195;190;N/A;190;Si. Caso b);280;N/A;280;1300;0;0;N/A;0;0;0;0;0;0;0;0;0;0;0;0;0;0;0;190;0;190;280;280;Est_Dem_Nudo;Din2_Zona;Est_Dem_Nudo;Est_Alm_Nudo;Est_Alm_Nudo;0;0;0;0;0;;190;0;190;280;280;;
HIJAR 220;50266;Aragón;;;;;1;1;348; N/A ;  ;348;180;E202_SEPE;0;No;274;E202_SEPE;94;0;0;180;SI;0;0;0;0;0;27;0;27;0;0;0;0;0;0;0;0;0;0;0;0;Din1_Zona;Din2_Zona;Din1_Zona;Din1_Zona;Din1_Zona;0;0;0;0;0;;0;0;0;0;0;;
HINOJOSA 400;50267;Castilla y León;1;;;;;;864; N/A ;  ;864;1219;E284_SEPE;978;Si. Caso b);1444;E284_SEPE;1444;503;0;0;N/A;0;0;0;0;0;0;0;0;0;0;0;0;0;0;0;503;0;503;503;503;Din1_Zona;Din2_Zona;Din1_Zona;Din1_Zona;Din1_Zona;0;0;0;0;0;;503;0;503;503;503;;
HORNILLO 220;50268;Comunidad de Madrid;;;;;;;784; N/A ;  ;784;211;E214_SEPE;137;Si. Caso b);707;E214_SEPE;592;0;0;0;N/A;35;0;35;0;0;0;0;0;0;35;0;0;0;0;0;0;0;0;0;0;Din1_Zona;Din2_Zona;Din1_Zona;Din1_Zona;Din1_Zona;0;0;0;0;0;;0;0;0;0;0;;
HORTALEZA 220;50269;Comunidad de Madrid;;;;;4;;933; N/A ;  ;933;120;E380_SEPE, E381_SEPE;;No;126;E380_SEPE, E381_SEPE;0;0;0;135;SI;0;0;0;0;0;0;0;0;0;0;0;0;0;0;0;;;;;;;;;;;;;;;;Valor de referencia no acordado en la zona estática. ;;;;;;;
HOSPITALET 220;50270;Cataluña;;;;;6;;679; N/A ;  ;679;129;E402_SEPE;;No;391;E402_SEPE;0;0;0;;NO;0;0;0;0;0;0;0;0;0;0;0;0;0;0;0;;;;;;;;;;;;;;;;Valor de referencia no acordado. Valor de referencia no acordado en la zona estática. ;;;;;;;
HOYA MORENA 220;50271;Región de Murcia;;;;;2;;169; N/A ;  ;169;447;E188_SEPE;17;Si. Caso b);581;E188_SEPE;337;876;0;125;SI;0;0;0;0;0;0;0;0;0;0;0;0;0;0;0;17;0;17;337;337;Est_Dem_Zona;Din2_Zona;Est_Dem_Zona;Est_Alm_Zona;Est_Alm_Zona;0;0;0;0;0;;17;0;17;337;337;;
HUELVES 220;50272;Castilla-La Mancha;;;;;1;1;130; N/A ;  ;130;259;E197_SEPE, E388_SEPE;;Si. Caso b);296;E197_SEPE, E388_SEPE;0;1245;0;;NO;0;0;0;0;0;0;0;0;0;0;0;0;0;0;0;;;;;;;;;;;;;;;;Valor de referencia no acordado. Valor de referencia no acordado en la zona estática. ;;;;;;;
HUENEJA 400;50273;Andalucía;1;;;;;;13; N/A ;  ;13;1572;N/A;1558;No ;1990;N/A;1936;852;0;0;N/A;14;0;14;0;0;40;40;0;0;14;0;0;0;0;0;13;0;852;852;852;WSCR_Nudo;Din2_Zona;Din1_Zona;Din1_Zona;Din1_Zona;0;0;0;0;0;;13;0;852;852;852;;
IBIZA 132;50274;Islas Baleares;6;;;;3;;44; N/A ; Riesgo interacciones ;44;61;N/A;;Si. Caso a);96;N/A;29;0;0;;NO;0;0;0;0;0;0;0;0;0;0;0;0;0;0;0;;;;;;;;;;;;;;;;Valor de referencia no acordado. ;;;;;;;
IBIZA 66;50274;Islas Baleares;12;;;;;;3; N/A ; Riesgo interacciones ;3;52;N/A;52;No;64;N/A;64;0;0;0;N/A;0;0;0;0;0;0;0;0;0;0;0;0;0;0;0;0;0;0;0;0;Din1_Zona;Din2_Zona;Din1_Zona;Din1_Zona;Din1_Zona;0;0;0;0;0;;0;0;0;0;0;;
IBIZA 23 66;50275;Islas Baleares;4;;;;;;3; N/A ; Riesgo interacciones ;3;52;N/A;52;Si. Caso b);63;N/A;63;0;0;0;N/A;0;0;0;0;0;0;0;0;0;0;0;0;0;0;0;0;0;0;0;0;Din1_Zona;Din2_Zona;Din1_Zona;Din1_Zona;Din1_Zona;0;0;0;0;0;;0;0;0;0;0;;
ICOD DE LOS VINOS 66;50276;Canarias;;;;;2;;18; N/A ;  ;18;42;E20_SEC;18;Si. Caso b);57;E20_SEC;33;69;0;24;SI;0;0;0;0;0;0;0;0;0;0;0;0;0;0;0;18;0;18;33;33;Est_Dem_Nudo;Din2_Zona;Est_Dem_Nudo;Est_Alm_Nudo/Est_Alm_Zona;Est_Alm_Nudo/Est_Alm_Zona;0;0;0;0;0;;18;0;18;33;33;;
ILLORA 220;50277;Andalucía;;1;;;;1;311; N/A ;  ;311;558;E395_SEPE;;No;793;E395_SEPE;268;741;0;218;SI;23;0;23;0;0;0;0;0;0;23;0;0;0;407;0;;;;;;;;;;;;;;;;Valor de referencia no acordado en la zona estática. ;;;;;;;
INCA 66;50278;Islas Baleares;;1;;;2;;23; N/A ; Riesgo interacciones ;23;78;N/A;40;No;102;N/A;64;130;0;38;SI;0;0;0;0;0;0;0;0;0;0;0;0;0;0;0;23;0;40;64;64;WSCR_Nudo;Din2_Zona;Est_Dem_Nudo;Est_Alm_Nudo;Est_Alm_Nudo;0;0;0;0;0;;23;0;40;64;64;;
INGENIO 220;50279;Comunidad Valenciana;;;;;3;;293; N/A ;  ;293;295;E34_SEPE;;Si. Caso b);377;E34_SEPE;0;28;0;;NO;0;0;0;0;0;0;0;0;0;0;0;0;0;0;0;;;;;;;;;;;;;;;;Valor de referencia no acordado. Valor de referencia no acordado en la zona estática. ;;;;;;;
IRUN 220;50280;País Vasco;;;;;2;;186; N/A ;  ;186;81;E10_SEPE;;No;401;E10_SEPE;289;1044;0;;NO;0;0;0;0;0;0;0;0;0;0;0;0;0;0;0;;;;;;;;;;;;;;;;Valor de referencia no acordado. Valor de referencia no acordado en la zona estática. ;;;;;;;
ISONA 400;50735;Cataluña;1;;;;;;82; N/A ;  ;82;163;N/A;163;No ;680;N/A;680;0;0;0;N/A;0;0;0;0;0;0;0;0;0;0;0;0;0;0;0;0;0;0;0;0;Din1_Zona;Din2_Zona;Din1_Zona;Din1_Zona;Din1_Zona;0;0;0;0;0;;0;0;0;0;0;;
ISONA 220;50735;Cataluña;1;1;;;;;43; N/A ;  ;43;163;N/A;163;No;680;N/A;680;0;0;0;N/A;0;0;0;0;0;0;0;0;0;0;0;0;0;0;0;0;0;0;0;0;Din1_Zona;Din2_Zona;Din1_Zona;Din1_Zona;Din1_Zona;0;0;0;0;0;;0;0;0;0;0;;
ITXASO 400;50281;País Vasco;;;;;;;1.145; N/A ;  ;1.145;653;N/A;653;No ;2552;N/A;2552;0;0;0;N/A;0;0;0;0;0;0;0;0;0;0;0;0;0;0;0;0;0;0;0;0;Din1_Zona;Din2_Zona;Din1_Zona;Din1_Zona;Din1_Zona;0;0;0;0;0;;0;0;0;0;0;;
ITXASO 220;50281;País Vasco;;;;;;;698; N/A ;  ;698;103;N/A;103;No;507;N/A;507;660;0;0;N/A;0;0;0;0;0;0;0;0;0;0;0;0;0;0;0;103;0;103;507;507;Est_Dem_Nudo;Din2_Zona;Est_Dem_Nudo;Est_Alm_Nudo;Est_Alm_Nudo;0;0;0;0;0;;103;0;103;507;507;;
IZNALLOZ 400;52090;Andalucía;;;;;;;514; N/A ;  ;514;1543;N/A;1529;No ;2257;N/A;2243;727;0;0;N/A;14;0;14;0;0;0;0;0;0;14;0;0;0;0;0;514;0;727;727;727;WSCR_Nudo;Din2_Zona;Din1_Zona;Din1_Zona;Din1_Zona;0;0;0;0;0;;514;0;727;727;727;;
J.M.ORIOL 400;50282;Extremadura;4;;;;;;555; N/A ;  ;555;837;N/A;837;Si. Caso b);1520;N/A;915;0;0;0;N/A;0;0;0;0;0;605;605;0;0;0;0;0;0;0;0;0;0;0;0;0;Din1_Zona;Din2_Zona;Din1_Zona;Din1_Zona;Din1_Zona;0;0;0;0;0;;0;0;0;0;0;;
J.M.ORIOL 220;50282;Extremadura;;1;;;2;;276; N/A ;  ;276;412;E385_SEPE;;No ;787;E385_SEPE;0;865;0;;NO;0;0;0;0;0;205;205;0;0;0;0;0;0;0;0;;;;;;;;;;;;;;;;Valor de referencia no acordado. Valor de referencia no acordado en la zona estática. ;;;;;;;
JALON 220;50283;Aragón;3;;;;;;149; N/A ; Superación valor máx Icc ;18;1019;E360_SEPE;70;No;1288;E360_SEPE;1135;0;0;0;N/A;131;131;131;0;0;23;23;0;0;0;131;0;0;0;0;0;0;0;0;0;Din1_Zona;Din2_Zona;Din1_Zona;Din1_Zona;Din1_Zona;0;0;0;0;0;;0;0;0;0;0;;
JARES 132;50736;Canarias;1;1;;;;;3; N/A ;  ;3;64;N/A;64;No;87;N/A;87;0;0;0;N/A;0;0;0;0;0;0;0;0;0;0;0;0;0;0;0;0;0;0;0;0;Din1_Zona;Din2_Zona;Din1_Zona;Din1_Zona;Din1_Zona;0;0;0;0;0;;0;0;0;0;0;;
JIJONA 220;50284;Comunidad Valenciana;;;;;2;;241; N/A ;  ;241;266;E37_SEPE;;No;717;E37_SEPE;0;897;0;;NO;0;0;0;0;0;0;0;0;0;0;0;0;0;0;0;;;;;;;;;;;;;;;;Valor de referencia no acordado. Valor de referencia no acordado en la zona estática. ;;;;;;;
JINAMAR 220;50285;Canarias;;;;;;;62; N/A ;  ;62;282;N/A;282;No;302;N/A;302;29;0;0;N/A;0;0;0;0;0;0;0;0;0;0;0;0;0;0;0;29;0;29;29;29;Din1_Zona;Din2_Zona;Din1_Zona;Din1_Zona;Din1_Zona;0;0;0;0;0;;29;0;29;29;29;;
JINAMAR 66;50285;Canarias;10;;2;;;;48; N/A ;  ;48;80;N/A;66;No;86;N/A;72;29;0;0;N/A;14;0;14;0;0;0;0;0;0;14;0;0;0;0;0;29;0;29;29;29;Din1_Zona;Din2_Zona;Din1_Zona;Din1_Zona;Din1_Zona;0;0;0;0;0;;29;0;29;29;29;;
JORDANA 400;50286;Andalucía;;1;;;;;795; N/A ;  ;795;81;N/A;81;Si. Caso c);1902;N/A;1902;1082;0;0;N/A;0;0;0;0;0;0;0;0;0;0;0;0;0;0;0;81;0;81;1082;1082;Est_Dem_Nudo;Din2_Zona;Est_Dem_Nudo;Din1_Zona;Din1_Zona;0;0;0;0;0;;81;0;81;1082;1082;;
JORDANA 220;50286;Andalucía;;1;;;;;550; N/A ;  ;550;104;N/A;104;No;1151;N/A;1108;1078;0;0;N/A;0;0;0;0;0;43;43;0;0;0;0;0;0;0;0;104;0;104;1078;1078;Est_Dem_Nudo;Din2_Zona;Est_Dem_Nudo;Din1_Zona;Din1_Zona;0;0;0;0;0;;104;0;104;1078;1078;;
JOSE CABRERA 220;50287;Castilla-La Mancha;;1;;;;;326; N/A ;  ;283;239;E44_SEPE;196;No;470;E44_SEPE;427;0;0;0;N/A;43;43;43;0;0;0;0;0;0;0;43;0;0;0;0;0;0;0;0;0;Din1_Zona;Din2_Zona;Din1_Zona;Din1_Zona;Din1_Zona;0;0;0;0;0;;0;0;0;0;0;;
JUIA 220;50288;Cataluña;;;;;4;;381; N/A ; Riesgo interacciones ;381;309;E277_SEPE;;No;552;E277_SEPE;0;0;0;;NO;0;0;0;0;0;0;0;0;0;0;0;0;0;0;0;;;;;;;;;;;;;;;;Valor de referencia no acordado. ;;;;;;;
JUNDIZ 220;50289;País Vasco;;1;;;3;;271; N/A ;  ;271;573;E195_SEPE;188;No;610;E195_SEPE;492;881;0;118;SI;0;0;0;0;0;0;0;0;0;0;0;0;0;0;0;188;0;188;492;492;Est_Dem_Zona;Din2_Zona;Est_Dem_Zona;Est_Alm_Nudo;Est_Alm_Nudo;0;0;0;0;0;;188;0;188;492;492;;
JUNEDA 220;50290;Cataluña;1;;;;2;;211; N/A ;  ;211;135;N/A;72;Si. Caso b);441;N/A;378;0;0;63;SI;0;0;0;0;0;0;0;0;0;0;0;0;0;0;0;0;0;0;0;0;Din1_Zona;Din2_Zona;Din1_Zona;Din1_Zona;Din1_Zona;0;0;0;0;0;;0;0;0;0;0;;
LA CANONJA 220;50763;Cataluña;;;;;2;;256; N/A ;  ;256;266;E27_SEPE, E364_SEPE;;No;392;E27_SEPE, E364_SEPE;138;0;0;;NO;0;0;0;0;0;0;0;0;0;0;0;0;0;0;0;;;;;;;;;;;;;;;;Valor de referencia no acordado. Valor de referencia no acordado en la zona estática. ;;;;;;;
LA CEREAL 400;50291;Comunidad de Madrid;;1;;;;;1.142; N/A ;  ;1.142;895;N/A;850;No ;1524;N/A;1479;0;0;0;N/A;45;0;45;0;0;0;0;0;0;45;0;0;0;188;0;0;0;0;0;0;Din1_Zona;Din2_Zona;Din1_Zona;Din1_Zona;Din1_Zona;0;0;0;0;0;;0;0;0;0;0;SI;
LA CEREAL 220;50291;Comunidad de Madrid;;;;;;;647; N/A ;  ;647;233;E376_SEPE;;No;792;E376_SEPE;404;0;0;0;N/A;0;0;0;0;0;0;0;0;0;0;0;0;0;0;0;;;;;;;;;;;;;;;;Valor de referencia no acordado en la zona estática. ;;;;;;;
LA ESPLUGA 400;50292;Cataluña;1;;;;;;308; N/A ;  ;294;547;N/A;477;No ;1304;N/A;1234;0;0;0;N/A;70;15;70;0;0;0;0;0;0;55;15;0;0;0;0;0;0;0;0;0;Din1_Zona;Din2_Zona;Din1_Zona;Din1_Zona;Din1_Zona;0;0;0;0;0;;0;0;0;0;0;;
LA ESPLUGA 220;50292;Cataluña;;1;;;;;128; N/A ;  ;85;561;N/A;518;No;981;N/A;938;0;0;0;N/A;43;43;43;0;0;0;0;0;0;0;43;0;0;0;0;0;0;0;0;0;Din1_Zona;Din2_Zona;Din1_Zona;Din1_Zona;Din1_Zona;0;0;0;0;0;;0;0;0;0;0;;
LA ESTRELLA 220;50293;Comunidad de Madrid;;;;;4;;853; N/A ;  ;853;174;N/A;;No;764;N/A;389;0;0;;NO;0;0;0;0;0;0;0;0;0;0;0;0;0;0;0;;;;;;;;;;;;;;;;Valor de referencia no acordado. ;;;;;;;
LA FARGA 400;50737;Cataluña;;;;;;;544; N/A ; Riesgo interacciones ;544;446;N/A;446;No ;1619;N/A;1619;0;0;0;N/A;0;0;0;0;0;0;0;0;0;0;0;0;0;0;0;0;0;0;0;0;Din1_Zona;Din2_Zona;Din1_Zona;Din1_Zona;Din1_Zona;0;0;0;0;0;;0;0;0;0;0;;
LA FARGA 220;50737;Cataluña;;1;;;;;180; N/A ; Riesgo interacciones ;180;460;E277_SEPE;;No;1508;E277_SEPE;403;0;0;0;N/A;0;0;0;0;0;442;442;0;0;0;0;0;0;0;0;;;;;;;;;;;;;;;;Valor de referencia no acordado en la zona estática. ;;;;;;;
LA FORTUNADA 220;50294;Aragón;;;;;1;;253; N/A ;  ;253;3;N/A;0;Si. Caso b);245;N/A;170;985;0;75;SI;0;0;0;0;0;0;0;0;0;0;0;0;0;0;0;0;0;0;170;170;Est_Dem_Nudo;Est_Dem_Nudo/Din2_Zona;Est_Dem_Nudo;Est_Alm_Nudo;Est_Alm_Nudo;0;0;0;0;0;;0;0;0;170;170;;
LA GRELA 220;50295;Galicia;;;;;5;;442; N/A ;  ;442;236;E244_SEPE, E279_SEPE;;No;347;E244_SEPE, E279_SEPE;41;537;0;;NO;55;0;55;0;0;0;0;0;0;55;0;0;0;47;0;;;;;;;;;;;;;;;;Valor de referencia no acordado. Valor de referencia no acordado en la zona estática. ;;;;;;;
LA JARA 220;50296;País Vasco;;;;;2;2;526; N/A ;  ;526;310;N/A;223;Si. Caso b);442;N/A;355;341;0;87;SI;0;0;0;0;0;20;0;20;0;0;0;0;0;0;0;223;0;223;341;341;Est_Dem_Nudo;Din2_Zona;Est_Dem_Nudo;Din1_Zona;Din1_Zona;0;0;0;0;0;;223;0;223;341;341;;
LA LORA 400;50297;Castilla y León;1;;;;;;39; N/A ;  ;39;710;N/A;710;No ;1240;N/A;1240;322;0;0;N/A;0;0;0;0;0;0;0;0;0;0;0;0;0;6;99;39;0;322;322;322;WSCR_Nudo;Din2_Zona;Din1_Zona;Din1_Zona;Din1_Zona;39;0;322;322;322;Nudo de concurso. ;0;0;0;0;0;SI;
LA NAVA 220;50298;Castilla-La Mancha;;;;;;;152; N/A ;  ;152;327;E19_SEPE;60;Si. Caso b);410;E19_SEPE;60;1094;0;0;N/A;45;0;45;0;0;0;0;0;0;45;0;0;0;0;0;60;0;60;60;60;Est_Dem_Zona;Din2_Zona;Est_Dem_Zona;Est_Alm_Zona;Est_Alm_Zona;0;0;0;0;0;;60;0;60;60;60;;
LA OLIVA 132;50738;Canarias;;1;;;;;41; N/A ;  ;41;60;N/A;60;No;87;N/A;87;21;0;0;N/A;0;0;0;0;0;0;0;0;0;0;0;0;0;0;0;21;0;21;21;21;Din1_Zona;Din2_Zona;Din1_Zona;Din1_Zona;Din1_Zona;0;0;0;0;0;;21;0;21;21;21;;
LA OLIVA 66;50738;Canarias;;;;;;;11; N/A ;  ;11;60;E26_SEC;47;No;87;E26_SEC;52;19;0;0;N/A;0;0;0;0;0;0;0;0;0;0;0;0;0;0;0;11;0;19;19;19;WSCR_Nudo;Din2_Zona;Din1_Zona;Din1_Zona;Din1_Zona;0;0;0;0;0;;11;0;19;19;19;;
LA PALOMA 220;50299;Castilla-La Mancha;;;;;2;;219; N/A ;  ;219;171;E18_SEPE, E403_SEPE;;Si. Caso b);300;E18_SEPE, E403_SEPE;60;1015;0;240;SI;0;0;0;0;0;0;0;0;0;0;0;0;0;0;0;;;;;;;;;;;;;;;;Valor de referencia no acordado en la zona estática. ;;;;;;;
LA PATERNA 66;50300;Canarias;;;;;2;;22; N/A ;  ;22;97;N/A;36;No;109;N/A;48;0;0;61;SI;0;0;0;0;0;17;0;17;0;0;0;0;0;0;0;0;0;0;0;0;Din1_Zona;Din2_Zona;Din1_Zona;Din1_Zona;Din1_Zona;0;0;0;0;0;;0;0;0;0;0;;
LA PEREDA 220;50301;Principado de Asturias;1;;;;;;290; N/A ;  ;290;238;E177_SEPE;73;Si. Caso b);346;E177_SEPE;203;1050;0;0;N/A;0;0;0;0;0;0;0;0;0;0;0;0;0;0;74;73;0;73;203;203;Est_Dem_Zona;Din2_Zona;Est_Dem_Zona;Est_Alm_Zona;Est_Alm_Zona;0;0;0;0;0;;73;0;73;203;203;;
LA PINILLA 400;50302;Castilla-La Mancha;2;;;;;;124; N/A ;  ;124;1834;E372_SEPE;1313;Si. Caso a);3162;E372_SEPE;2766;0;0;0;N/A;0;0;0;0;0;0;0;0;0;0;0;0;0;1;0;0;0;0;0;0;Din1_Zona;Din2_Zona;Din1_Zona;Din1_Zona;Din1_Zona;0;0;0;0;0;;0;0;0;0;0;SI;
LA PLANA 400;50303;Comunidad Valenciana;3;1;;;1;;313; N/A ;  ;313;772;N/A;176;No ;2940;N/A;2344;0;0;596;SI;0;0;0;0;0;0;0;0;0;0;0;0;0;0;0;0;0;0;0;0;Din1_Zona;Din2_Zona;Din1_Zona;Din1_Zona;Din1_Zona;0;0;0;0;0;;0;0;0;0;0;;
LA PLANA 220;50303;Comunidad Valenciana;;;;;3;;285; N/A ;  ;285;731;E34_SEPE;;No;1396;E34_SEPE;295;0;0;;NO;0;0;0;0;0;0;0;0;0;0;0;0;0;0;0;;;;;;;;;;;;;;;;Valor de referencia no acordado. Valor de referencia no acordado en la zona estática. ;;;;;;;
LA ROCA 220;50305;Cataluña;;;;;2;;375; N/A ;  ;375;362;E206_SEPE;46;No;592;E206_SEPE;250;626;0;160;SI;0;0;0;0;0;0;0;0;0;0;0;0;0;0;0;46;0;46;250;250;Est_Dem_Zona;Din2_Zona;Est_Dem_Zona;Est_Alm_Zona;Est_Alm_Zona;0;0;0;0;0;;46;0;46;250;250;;
LA SAGRA 400;52094;Castilla-La Mancha;;;;;;;917; N/A ;  ;917;950;N/A;950;No ;1533;N/A;1533;0;0;0;N/A;0;0;0;0;0;0;0;0;0;0;0;0;0;0;0;0;0;0;0;0;Din1_Zona;Din2_Zona;Din1_Zona;Din1_Zona;Din1_Zona;0;0;0;0;0;;0;0;0;0;0;;
LA SAGRA 220;52094;Castilla-La Mancha;;;;;;;821; N/A ;  ;821;65;N/A;65;No;819;N/A;819;0;0;0;N/A;0;0;0;0;0;0;0;0;0;0;0;0;0;0;0;0;0;0;0;0;Din1_Zona;Din2_Zona;Din1_Zona;Din1_Zona;Din1_Zona;0;0;0;0;0;;0;0;0;0;0;;
LA SECUITA 400;51336;Cataluña;;;;;;;1.126; N/A ;  ;1.126;225;N/A;225;No ;1401;N/A;1401;0;0;0;N/A;0;0;0;0;0;0;0;0;0;0;0;0;0;0;0;0;0;0;0;0;Din1_Zona;Din2_Zona;Din1_Zona;Din1_Zona;Din1_Zona;0;0;0;0;0;;0;0;0;0;0;;
LA SECUITA 220;51336;Cataluña;;;;;;;715; N/A ;  ;715;318;E364_SEPE;;No;1533;E364_SEPE;138;0;0;0;N/A;0;0;0;0;0;0;0;0;0;0;0;0;0;0;0;;;;;;;;;;;;;;;;Valor de referencia no acordado en la zona estática. ;;;;;;;
LA SELVA 220;50306;Cataluña;;;;;2;;504; N/A ;  ;504;941;E364_SEPE;;No;1027;E364_SEPE;138;0;0;;NO;0;0;0;0;0;0;0;0;0;0;0;0;0;0;0;;;;;;;;;;;;;;;;Valor de referencia no acordado. Valor de referencia no acordado en la zona estática. ;;;;;;;
LA SOLANA 220;50307;Castilla-La Mancha;;1;;;1;;0; N/A ;  ;0;333;E19_SEPE;60;No;443;E19_SEPE;60;1094;0;220;SI;0;0;0;0;0;133;133;0;0;0;0;0;0;0;100;0;0;60;60;60;WSCR_Nudo;Din2_Zona;Est_Dem_Zona;Est_Alm_Zona;Est_Alm_Zona;0;0;0;0;0;;0;0;60;60;60;;
LA TORRECILLA 220;50308;Comunidad de Madrid;1;1;;;;;683; N/A ;  ;628;80;N/A;22;Si. Caso b);429;N/A;221;0;0;0;N/A;58;55;58;0;0;150;150;0;0;3;55;0;0;0;0;0;0;0;0;0;Din1_Zona;Din2_Zona;Din1_Zona;Din1_Zona;Din1_Zona;0;0;0;0;0;;0;0;0;0;0;;
LADA 400;50309;Principado de Asturias;1;;;;2;;13; N/A ;  ;13;1036;E281_SEPE, E366_SEPE;155;Si. Caso c);1537;E281_SEPE, E366_SEPE;1168;446;0;300;SI;0;0;0;0;0;0;0;0;0;0;0;0;0;0;0;13;0;155;446;446;WSCR_Nudo;Din2_Zona;Est_Dem_Zona;Din1_Zona;Din1_Zona;0;0;0;0;0;;13;0;155;446;446;;
LAGUARDIA 220;50310;País Vasco;1;;;;;;51; N/A ;  ;51;153;E194_SEPE;;No;349;E194_SEPE;0;1241;0;0;N/A;0;0;0;0;0;0;0;0;0;0;0;0;0;0;0;;;;;;;;;;;;;;;;Valor de referencia no acordado en la zona estática. ;;;;;;;
LANCHA 220;50311;Andalucía;;1;;;4;;0; N/A ;  ;0;152;E404_SEPE;;No;420;E404_SEPE;0;1243;0;;NO;0;0;0;0;0;0;0;0;0;0;0;0;0;0;0;;;;;;;;;;;;;;;;Valor de referencia no acordado. Valor de referencia no acordado en la zona estática. ;;;;;;;
LANZAS AGUDAS 220;50312;Aragón;;;;;2;;169; N/A ;  ;169;380;E338_SEPE;290;Si. Caso b);574;E338_SEPE;484;0;0;90;SI;0;0;0;0;0;6;0;6;0;0;0;0;0;0;0;0;0;0;0;0;Din1_Zona;Din2_Zona;Din1_Zona;Din1_Zona;Din1_Zona;0;0;0;0;0;;0;0;0;0;0;;
LAS ARROYADAS 220;50313;Castilla y León;;1;;;2;;248; N/A ;  ;248;282;N/A;150;No;431;N/A;299;1143;0;132;SI;0;0;0;0;0;24;0;24;0;0;0;0;0;0;0;150;0;150;299;299;Est_Dem_Nudo;Din2_Zona;Est_Dem_Nudo;Est_Alm_Nudo;Est_Alm_Nudo;0;0;0;0;0;;150;0;150;299;299;;
LAS BREÑAS 66;50739;Canarias;;1;;;;1;16; N/A ;  ;16;40;N/A;25;No;45;N/A;30;0;0;15;SI;0;0;0;0;0;0;0;0;0;0;0;0;0;0;0;0;0;0;0;0;Din1_Zona;Din2_Zona;Din1_Zona;Din1_Zona;Din1_Zona;0;0;0;0;0;;0;0;0;0;0;;
LAS MAZORRAS 220;50314;Castilla y León;1;;;;1;;0; N/A ;  ;0;257;E12_SEPE;222;Si. Caso b);282;E12_SEPE;247;1249;0;35;SI;0;0;0;0;0;0;0;0;0;0;0;0;0;0;62;0;0;222;247;247;WSCR_Nudo;WSCR_Nudo/Din2_Zona;Est_Dem_Nudo;Est_Alm_Nudo;Est_Alm_Nudo;0;0;0;0;0;;0;0;222;247;247;;
LAS PALMAS OESTE 66;52083;Canarias;;;;;;3;84; N/A ;  ;84;97;N/A;17;No;103;N/A;23;0;0;80;SI;0;0;0;0;0;0;0;0;0;0;0;0;0;0;0;0;0;0;0;0;Din1_Zona;Din2_Zona;Din1_Zona;Din1_Zona;Din1_Zona;0;0;0;0;0;;0;0;0;0;0;;
LAS ROSAS 220;52071;Canarias;;1;;;;;121; N/A ;  ;121;160;N/A;160;No;252;N/A;252;0;0;0;N/A;0;0;0;0;0;0;0;0;0;0;0;0;0;0;0;0;0;0;0;0;Din1_Zona;Din2_Zona;Din1_Zona;Din1_Zona;Din1_Zona;0;0;0;0;0;;0;0;0;0;0;;
LAS ROSAS 66;52071;Canarias;;;;;;;74; N/A ;  ;74;19;N/A;19;No;52;N/A;52;69;0;0;N/A;0;0;0;0;0;0;0;0;0;0;0;0;0;0;0;19;0;19;52;52;Est_Dem_Nudo;Din2_Zona;Est_Dem_Nudo;Est_Alm_Nudo;Est_Alm_Nudo;0;0;0;0;0;;19;0;19;52;52;;
LASTRAS 400;50315;Castilla y León;1;;;;2;;287; N/A ;  ;262;865;E182_SEPE;640;No ;1410;E182_SEPE;1047;0;0;200;SI;25;25;25;0;0;0;0;0;0;0;25;0;0;0;0;0;0;0;0;0;Din1_Zona;Din2_Zona;Din1_Zona;Din1_Zona;Din1_Zona;0;0;0;0;0;;0;0;0;0;0;;
LEGANES 220;50316;Comunidad de Madrid;;1;;;5;;544; N/A ;  ;543;62;E390_SEPE;;No;347;E390_SEPE;0;0;0;;NO;1;1;1;0;0;50;50;0;0;0;1;0;0;0;110;;;;;;;;;;;;;;;;Valor de referencia no acordado. Valor de referencia no acordado en la zona estática. ;;;;;;;
LES CORTS 220;50317;Cataluña;;;;;1;;308; N/A ;  ;308;88;E31_SEPE;6;Si. Caso b);412;E31_SEPE;382;0;0;30;SI;0;0;0;0;0;0;0;0;0;0;0;0;0;0;0;0;0;0;0;0;Din1_Zona;Din2_Zona;Din1_Zona;Din1_Zona;Din1_Zona;0;0;0;0;0;;0;0;0;0;0;;
LITORAL 400;50318;Andalucía;2;;;;3;;514; N/A ;  ;514;1638;N/A;953;No ;2307;N/A;1622;697;0;685;SI;0;0;0;0;0;0;0;0;0;0;0;0;0;0;0;514;0;697;697;697;WSCR_Nudo;Din2_Zona;Din1_Zona;Din1_Zona;Din1_Zona;0;0;0;0;0;;514;0;697;697;697;;
LLATZER 66;50319;Islas Baleares;;;;;3;;4; N/A ; Riesgo interacciones ;4;106;E16_SEB;20;No;112;E16_SEB;25;0;0;86;SI;0;0;0;0;0;40;0;40;0;0;0;0;0;0;0;0;0;0;0;0;Din1_Zona;Din2_Zona;Din1_Zona;Din1_Zona;Din1_Zona;0;0;0;0;0;;0;0;0;0;0;;
LLAVORSI 220;50320;Cataluña;;;;;2;;129; N/A ;  ;129;2;E30_SEPE, E209_SEPE;;Si. Caso b);137;E30_SEPE, E209_SEPE;0;889;0;;NO;0;0;0;0;0;88;88;0;0;0;0;0;0;0;0;;;;;;;;;;;;;;;;Valor de referencia no acordado. Valor de referencia no acordado en la zona estática. ;;;;;;;
LLUBI 220;50321;Islas Baleares;;;;;;;56; N/A ; Riesgo interacciones ;56;191;N/A;191;No;312;N/A;312;0;0;0;N/A;0;0;0;0;0;0;0;0;0;0;0;0;0;0;0;0;0;0;0;0;Din1_Zona;Din2_Zona;Din1_Zona;Din1_Zona;Din1_Zona;0;0;0;0;0;;0;0;0;0;0;;
LLUBI 66;50321;Islas Baleares;;;;;;;113; N/A ; Riesgo interacciones ;113;226;N/A;226;No;253;N/A;253;0;0;0;N/A;0;0;0;0;0;0;0;0;0;0;0;0;0;0;0;0;0;0;0;0;Din1_Zona;Din2_Zona;Din1_Zona;Din1_Zona;Din1_Zona;0;0;0;0;0;;0;0;0;0;0;;
LLUCMAJOR 66;50322;Islas Baleares;;;;;3;;55; N/A ; Riesgo interacciones ;55;58;N/A;11;No;87;N/A;40;130;0;47;SI;0;0;0;0;0;0;0;0;0;0;0;0;0;0;0;11;0;11;40;40;Est_Dem_Nudo;Din2_Zona;Est_Dem_Nudo;Est_Alm_Nudo;Est_Alm_Nudo;0;0;0;0;0;;11;0;11;40;40;;
LOECHES 400;50323;Comunidad de Madrid;;1;;;;;1.351; N/A ;  ;1.091;1123;E370_SEPE;863;No ;2639;E370_SEPE;2379;0;0;0;N/A;260;260;260;0;0;0;0;0;0;0;260;0;0;0;0;0;0;0;0;0;Din1_Zona;Din2_Zona;Din1_Zona;Din1_Zona;Din1_Zona;0;0;0;0;0;;0;0;0;0;0;;
LOECHES 220;50323;Comunidad de Madrid;;;;;2;1;195; W11_SEPE_BIN ;  ;195;164;E43_SEPE, E160_SEPE_Bin;;No;173;E43_SEPE, E160_SEPE_Bin;0;0;0;;NO;0;0;0;0;0;0;0;0;0;0;0;0;0;0;0;;;;;;;;;;;;;;;;Valor de referencia no acordado. Valor de referencia no acordado en la zona estática. ;;;;;;;
LOECHES (LOECHES B) 220;50323;Comunidad de Madrid;;;;;;;374; W11_SEPE_BIN ;  ;374;489;E44_SEPE, E160_SEPE_Bin;;No;1075;E44_SEPE, E160_SEPE_Bin;620;0;0;0;N/A;0;0;0;0;0;0;0;0;0;0;0;0;0;0;0;;;;;;;;;;;;;;;;Valor de referencia no acordado en la zona estática. ;;;;;;;
LOGROÑO 220;50324;La Rioja;;;;;3;;137; N/A ;  ;137;271;E194_SEPE;;No;453;E194_SEPE;0;1241;0;;NO;0;0;0;0;0;0;0;0;0;0;0;0;0;0;0;;;;;;;;;;;;;;;;Valor de referencia no acordado. Valor de referencia no acordado en la zona estática. ;;;;;;;
LOMBA 400;50325;Castilla y León;;;;;;;1.211; N/A ;  ;1.211;648;N/A;648;No ;1212;N/A;1212;0;0;0;N/A;0;0;0;0;0;0;0;0;0;0;0;0;0;0;0;0;0;0;0;0;Din1_Zona;Din2_Zona;Din1_Zona;Din1_Zona;Din1_Zona;0;0;0;0;0;;0;0;0;0;0;;
LOMBA 220;50325;Castilla y León;;1;;;;;707; N/A ;  ;707;927;E329_SEPE;602;No;1216;E329_SEPE;776;685;0;0;N/A;0;0;0;0;0;0;0;0;0;0;0;0;0;1;0;602;0;602;685;685;Est_Dem_Zona;Din2_Zona;Est_Dem_Zona;Din1_Zona;Din1_Zona;0;0;0;0;0;;602;0;602;685;685;;
LOMO APOLINARIO 66;50326;Canarias;;;;;2;;69; N/A ;  ;69;99;N/A;45;Si. Caso b);130;N/A;76;7;0;54;SI;0;0;0;0;0;40;0;40;0;0;0;0;0;0;0;7;0;7;7;7;Din1_Zona;Din2_Zona;Din1_Zona;Din1_Zona;Din1_Zona;0;0;0;0;0;;7;0;7;7;7;;
LOMO MASPALOMAS 66;50327;Canarias;;;;;2;;69; N/A ;  ;69;55;N/A;11;No;67;N/A;24;48;0;43;SI;0;0;0;0;0;0;0;0;0;0;0;0;0;0;0;11;0;11;24;24;Est_Dem_Nudo;Din2_Zona;Est_Dem_Nudo;Est_Alm_Nudo;Est_Alm_Nudo;0;0;0;0;0;;11;0;11;24;24;;
LOS ARENALES 220;50740;Extremadura;;1;;;;1;249; N/A ;  ;249;440;E326_SEPE, E385_SEPE;;No;760;E326_SEPE, E385_SEPE;0;949;0;;NO;0;0;0;0;0;121;121;0;0;0;0;0;0;0;0;;;;;;;;;;;;;;;;Valor de referencia no acordado. Valor de referencia no acordado en la zona estática. ;;;;;;;
LOS BARRIOS 220;50328;Andalucía;;;;2;2;;323; N/A ;  ;158;442;E40_SEPE, E146_SEPE_Bin;;Si. Caso c);566;E40_SEPE, E146_SEPE_Bin;356;1086;0;;NO;165;165;165;0;0;0;0;0;0;0;165;0;0;957;0;;;;;;;;;;;;;;;;Valor de referencia no acordado. Valor de referencia no acordado en la zona estática. ;;;;;;SI;
LOS LEONES 220;50329;Aragón;;1;;;2;;10; N/A ;  ;10;366;E22_SEPE;125;No;558;E22_SEPE;408;0;0;150;SI;0;0;0;0;0;0;0;0;0;0;0;0;0;0;0;0;0;0;0;0;Din1_Zona;Din2_Zona;Din1_Zona;Din1_Zona;Din1_Zona;0;0;0;0;0;;0;0;0;0;0;;
LOS MONTES 220;50330;Andalucía;;1;;1;2;;385; N/A ;  ;385;200;E367_SEPE;;No;294;E367_SEPE;0;1121;0;;NO;0;0;0;0;0;0;0;0;0;0;0;0;0;0;0;;;;;;;;;;;;;;;;Valor de referencia no acordado. Valor de referencia no acordado en la zona estática. ;;;;;;;
LOS OLIVOS 66;50410;Canarias;;;;;2;2;43; N/A ;  ;43;68;N/A;;No;76;N/A;0;54;0;;NO;0;0;0;0;0;15;0;15;0;0;0;0;0;0;0;;;;;;;;;;;;;;;;Valor de referencia no acordado. ;;;;;;;
LOS RAMOS 220;50331;Andalucía;1;;;;4;;419; N/A ;  ;419;368;E367_SEPE;;No;679;E367_SEPE;0;933;0;;NO;0;0;0;0;0;135;135;0;0;0;0;0;0;0;0;;;;;;;;;;;;;;;;Valor de referencia no acordado. Valor de referencia no acordado en la zona estática. ;;;;;;;
LOS REALEJOS 66;50332;Canarias;;;;;2;;25; N/A ;  ;25;49;N/A;0;No;62;N/A;12;36;0;50;SI;0;0;0;0;0;33;0;33;0;0;0;0;0;0;0;0;0;0;12;12;Est_Dem_Nudo;Est_Dem_Nudo/Din2_Zona;Est_Dem_Nudo;Est_Alm_Nudo;Est_Alm_Nudo;0;0;0;0;0;;0;0;0;12;12;;
LOS VIENTOS 220;50333;Aragón;2;;;;;1;132; N/A ;  ;0;1382;E360_SEPE;70;No;1661;E360_SEPE;1296;0;0;185;SI;146;146;146;0;0;34;34;0;0;0;146;0;0;0;0;0;0;0;0;0;WSCR_Nudo/Din1_Zona;WSCR_Nudo/Din2_Zona;Din1_Zona;Din1_Zona;Din1_Zona;0;0;0;0;0;;0;0;0;0;0;;
LOURIZAN 220;50334;Galicia;;;;;4;;79; N/A ;  ;79;112;E4_SEPE, E245_SEPE;;Si. Caso b);361;E4_SEPE, E245_SEPE;246;1283;0;;NO;0;0;0;0;0;0;0;0;0;0;0;0;0;0;0;;;;;;;;;;;;;;;;Valor de referencia no acordado. Valor de referencia no acordado en la zona estática. ;;;;;;;
LOUSAME 220;50741;Galicia;;1;;;;;35; N/A ;  ;35;423;E3_SEPE, E330_SEPE;139;No;635;E3_SEPE, E330_SEPE;309;1250;0;0;N/A;0;0;0;0;0;50;50;0;0;0;0;0;0;0;0;35;0;139;309;309;WSCR_Nudo;Din2_Zona;Est_Dem_Zona;Est_Alm_Zona;Est_Alm_Zona;0;0;0;0;0;;35;0;139;309;309;;
LUBIAN 220;50335;Castilla y León;2;;;;;;1; N/A ;  ;1;190;E176_SEPE;151;Si. Caso b);289;E176_SEPE;179;1300;0;0;N/A;0;0;0;0;0;0;0;0;0;0;0;0;0;0;86;1;0;151;179;179;WSCR_Nudo;Din2_Zona;Est_Dem_Zona;Est_Alm_Zona;Est_Alm_Zona;0;0;0;0;0;;1;0;151;179;179;;
LUCERO 220;50336;Comunidad de Madrid;;1;;;4;;750; N/A ;  ;750;104;E390_SEPE;;No;338;E390_SEPE;0;0;0;;NO;1;1;1;0;0;0;0;0;0;0;1;0;0;0;0;;;;;;;;;;;;;;;;Valor de referencia no acordado. Valor de referencia no acordado en la zona estática. ;;;;;;;
LUDRIO 400;50337;Galicia;1;;;;1;;260; N/A ;  ;160;1295;N/A;845;No ;1487;N/A;1037;741;0;450;SI;100;100;0;100;0;0;0;0;0;0;0;100;0;0;45;160;0;741;741;741;WSCR_Nudo;Din2_Zona;Din1_Zona;Din1_Zona;Din1_Zona;0;0;0;0;0;;160;0;741;741;741;;
LUENGOS 400;50338;Castilla y León;;1;;;;;672; N/A ;  ;672;638;N/A;626;No ;1050;N/A;1038;88;0;0;N/A;12;0;12;0;0;0;0;0;0;12;0;0;0;45;0;88;0;88;88;88;Din1_Zona;Din2_Zona;Din1_Zona;Din1_Zona;Din1_Zona;88;0;88;88;88;Nudo de concurso. ;0;0;0;0;0;SI;
LUMINABASO 220;50742;País Vasco;;;;;;;473; N/A ;  ;473;201;E282_SEPE;0;No;291;E282_SEPE;195;914;0;0;N/A;25;0;25;0;0;0;0;0;0;25;0;0;0;0;0;0;0;0;195;195;Est_Dem_Zona;Est_Dem_Zona/Din2_Zona;Est_Dem_Zona;Est_Alm_Zona;Est_Alm_Zona;0;0;0;0;0;;0;0;0;195;195;;
MACHER 66;50339;Canarias;;;;;2;;25; N/A ;  ;25;96;N/A;48;Si. Caso b);91;N/A;48;21;0;43;SI;0;0;0;0;0;0;0;0;0;0;0;0;0;0;0;21;0;21;21;21;Din1_Zona;Din2_Zona;Din1_Zona;Din1_Zona;Din1_Zona;0;0;0;0;0;;21;0;21;21;21;;
MACIÑEIRA 400;51434;Galicia;;1;;2;;;410; N/A ;  ;410;1187;E354_SEPE;1186;No ;1540;E354_SEPE;1540;1024;0;0;N/A;0;0;0;0;0;0;0;0;0;0;0;0;0;225;0;410;0;1024;1024;1024;WSCR_Nudo;Din2_Zona;Din1_Zona;Din1_Zona;Din1_Zona;410;0;1024;1024;1024;Nudo de concurso. ;0;0;0;0;0;SI;
MADRIDEJOS 220;50340;Castilla-La Mancha;;;;;1;;129; N/A ;  ;129;588;E17_SEPE, E210_SEPE, E403_SEPE;;Si. Caso b);642;E17_SEPE, E210_SEPE, E403_SEPE;492;916;0;;NO;0;0;0;0;0;0;0;0;0;0;0;0;0;0;0;;;;;;;;;;;;;;;;Valor de referencia no acordado. ;;;;;;;
MAGALLON 400;50341;Aragón;;1;;;;;798; N/A ;  ;798;2085;N/A;2085;No ;2195;N/A;2195;0;0;0;N/A;0;0;0;0;0;0;0;0;0;0;0;0;0;0;0;0;0;0;0;0;Din1_Zona;Din2_Zona;Din1_Zona;Din1_Zona;Din1_Zona;0;0;0;0;0;;0;0;0;0;0;;
MAGALLON 220;50341;Aragón;1;;;;3;;180; N/A ;  ;110;1608;E360_SEPE, E361_SEPE;;No;2777;E360_SEPE, E361_SEPE;1547;0;0;180;SI;70;70;70;0;0;0;0;0;0;0;70;0;0;0;12;;;;;;;;;;;;;;;;Valor de referencia no acordado en la zona estática. ;;;;;;;
MAGAÑA 220;50743;Castilla y León;;;;;;;0; N/A ;  ;0;499;E13_SEPE, E338_SEPE;449;No;779;E13_SEPE, E338_SEPE;584;0;0;0;N/A;0;0;0;0;0;0;0;0;0;0;0;0;0;0;0;0;0;0;0;0;WSCR_Nudo/Din1_Zona;WSCR_Nudo/Din2_Zona;Din1_Zona;Din1_Zona;Din1_Zona;0;0;0;0;0;;0;0;0;0;0;;
LLERENA 400;52074;Extremadura;;1;;;;;649; N/A ;  ;649;627;N/A;627;No ;930;N/A;930;1026;0;0;N/A;0;0;0;0;0;0;0;0;0;0;0;0;0;0;0;627;0;627;930;930;Est_Dem_Nudo;Din2_Zona;Est_Dem_Nudo;Est_Alm_Nudo;Est_Alm_Nudo;0;0;0;0;0;;627;0;627;930;930;;
MAHON 132;50342;Islas Baleares;8;;;;;;20; N/A ;  ;20;66;N/A;66;No;88;N/A;88;84;0;0;N/A;0;0;0;0;0;0;0;0;0;0;0;0;0;0;0;20;0;66;84;84;WSCR_Nudo;Din2_Zona;Est_Dem_Nudo;Din1_Zona;Din1_Zona;0;0;0;0;0;;20;0;66;84;84;;
MAIALS 400;50343;Cataluña;1;;;;;;122; N/A ;  ;122;0;N/A;0;No ;398;N/A;383;0;0;0;N/A;0;0;0;0;0;15;15;0;0;0;0;0;0;0;0;0;0;0;0;0;Est_Dem_Nudo/Din1_Zona;Est_Dem_Nudo/Din2_Zona;Est_Dem_Nudo/Din1_Zona;Din1_Zona;Din1_Zona;0;0;0;0;0;;0;0;0;0;0;;
MAJADAHONDA 220;50344;Comunidad de Madrid;;;;;2;;839; N/A ;  ;839;49;E378_SEPE, E379_SEPE;;No;956;E378_SEPE, E379_SEPE;357;0;0;;NO;0;0;0;0;0;0;0;0;0;0;0;0;0;0;0;;;;;;;;;;;;;;;;Valor de referencia no acordado. Valor de referencia no acordado en la zona estática. ;;;;;;;
MANACOR 66;50345;Islas Baleares;;;;;3;;0; N/A ; Riesgo interacciones ;0;43;N/A;;Si. Caso b);50;N/A;0;113;0;;NO;0;0;0;0;0;6;0;6;0;0;0;0;0;0;0;;;;;;;;;;;;;;;;Valor de referencia no acordado. ;;;;;;;
MANCHEGA 400;52077;Castilla-La Mancha;;1;;;;1;1.002; N/A ;  ;1.002;1550;E304_SEPE, E322_SEPE;1250;No ;2752;E304_SEPE, E322_SEPE;2395;0;0;300;SI;0;0;0;0;0;0;0;0;0;0;0;0;0;0;0;0;0;0;0;0;Din1_Zona;Din2_Zona;Din1_Zona;Din1_Zona;Din1_Zona;0;0;0;0;0;;0;0;0;0;0;;
MANGRANERS 220;50346;Cataluña;;1;;;2;;466; N/A ;  ;466;107;E299_SEPE;;No;378;E299_SEPE;63;0;0;;NO;0;0;0;0;0;15;15;0;0;0;0;0;0;0;0;;;;;;;;;;;;;;;;Valor de referencia no acordado. ;;;;;;;
MANUEL BECERRA 220;UFD-50397;Comunidad de Madrid;;;;;2;;885; N/A ;  ;885;41;E380_SEPE;0;No;43;E380_SEPE;6;0;0;37;SI;0;0;0;0;0;0;0;0;0;0;0;0;0;0;0;0;0;0;0;0;Est_Dem_Zona/Din1_Zona;Est_Dem_Zona/Din2_Zona;Est_Dem_Zona/Din1_Zona;Din1_Zona;Din1_Zona;0;0;0;0;0;;0;0;0;0;0;;
MANUEL CRUZ 66;50347;Canarias;;;;;2;;54; N/A ;  ;54;64;N/A;24;Si. Caso b);69;N/A;29;0;0;40;SI;0;0;0;0;0;3;0;3;0;0;0;0;0;0;0;0;0;0;0;0;Din1_Zona;Din2_Zona;Din1_Zona;Din1_Zona;Din1_Zona;0;0;0;0;0;;0;0;0;0;0;;
MANZANARES 400;50348;Castilla-La Mancha;;1;;;;;669; N/A ;  ;669;1328;E304_SEPE;1253;No ;2384;E304_SEPE;2341;390;0;0;N/A;0;0;0;0;0;43;43;0;0;0;0;0;0;16;26;390;0;390;390;390;Din1_Zona;Din2_Zona;Din1_Zona;Din1_Zona;Din1_Zona;0;0;0;0;0;;390;0;390;390;390;;
MANZANARES 220;50348;Castilla-La Mancha;1;;;;;;127; N/A ;  ;127;216;E18_SEPE, E403_SEPE;;No;930;E18_SEPE, E403_SEPE;733;1015;0;0;N/A;0;0;0;0;0;6;6;0;0;0;0;0;0;0;0;;;;;;;;;;;;;;;;Valor de referencia no acordado en la zona estática. ;;;;;;;
MARAGALL 220;50349;Cataluña;;;;;5;;122; N/A ;  ;122;175;N/A;0;No;534;N/A;359;0;0;175;SI;0;0;0;0;0;0;0;0;0;0;0;0;0;0;0;0;0;0;0;0;Est_Dem_Nudo/Din1_Zona;Est_Dem_Nudo/Din2_Zona;Est_Dem_Nudo/Din1_Zona;Din1_Zona;Din1_Zona;0;0;0;0;0;;0;0;0;0;0;;
MARIA 220;50350;Aragón;1;1;;;;;281; N/A ;  ;200;994;N/A;913;No;1803;N/A;1722;0;0;0;N/A;81;81;81;0;0;0;0;0;0;0;81;0;0;0;0;0;0;0;0;0;Din1_Zona;Din2_Zona;Din1_Zona;Din1_Zona;Din1_Zona;0;0;0;0;0;;0;0;0;0;0;;
MARRATXI 66;50351;Islas Baleares;;;;;2;;41; W02_SEB_BIN ; Riesgo interacciones ;41;71;E17_SEB_BIN;31;No;75;E17_SEB_BIN;35;125;0;40;SI;0;0;0;0;0;5;0;5;0;0;0;0;0;0;0;31;0;31;35;35;Est_Dem_Nudo;Din2_Zona;Est_Dem_Nudo;Est_Alm_Nudo;Est_Alm_Nudo;0;0;0;0;0;;31;0;31;35;35;;
MARRATXI (MARRATXI B) 66;50351;Islas Baleares;;;;;;;131; W02_SEB_BIN ; Riesgo interacciones ;131;55;E17_SEB_BIN;55;No;62;E17_SEB_BIN;62;125;0;0;N/A;0;0;0;0;0;0;0;0;0;0;0;0;0;0;0;55;0;55;62;62;Est_Dem_Nudo;Din2_Zona;Est_Dem_Nudo;Est_Alm_Nudo;Est_Alm_Nudo;0;0;0;0;0;;55;0;55;62;62;;
MARZAGAN 66;50353;Canarias;;;;;2;;70; N/A ;  ;70;61;E09_SEC;;No;66;E09_SEC;16;25;0;;NO;0;0;0;0;0;23;0;23;0;0;0;0;0;0;0;;;;;;;;;;;;;;;;Valor de referencia no acordado. Valor de referencia no acordado en la zona estática. ;;;;;;;
MAS FIGUERES 220;50354;Cataluña;;;;;3;;618; N/A ;  ;618;347;N/A;137;No ;520;N/A;310;0;0;210;SI;0;0;0;0;0;0;0;0;0;0;0;0;0;0;0;0;0;0;0;0;Din1_Zona;Din2_Zona;Din1_Zona;Din1_Zona;Din1_Zona;0;0;0;0;0;;0;0;0;0;0;;
MASDENVERGE 400;51202;Cataluña;;;;;;1;833; N/A ;  ;833;645;N/A;385;No ;1476;N/A;1216;0;0;260;SI;0;0;0;0;0;0;0;0;0;0;0;0;0;0;0;0;0;0;0;0;Din1_Zona;Din2_Zona;Din1_Zona;Din1_Zona;Din1_Zona;0;0;0;0;0;;0;0;0;0;0;;
MATA 220;50355;Cataluña;;;;;3;;66; N/A ; Superación valor máx Icc ;66;169;E289_SEPE, E405_SEPE;;No;515;E289_SEPE, E405_SEPE;178;0;0;;NO;0;0;0;0;0;0;0;0;0;0;0;0;0;0;0;;;;;;;;;;;;;;;;Valor de referencia no acordado. Valor de referencia no acordado en la zona estática. ;;;;;;;
MATAPORQUERA 220;50356;Cantabria;;;1;;2;1;202; N/A ;  ;202;323;E180_SEPE;86;No;466;E180_SEPE;229;1286;0;223;SI;15;0;15;0;0;0;0;0;0;15;0;0;0;0;0;86;0;86;229;229;Est_Dem_Nudo;Din2_Zona;Est_Dem_Nudo;Est_Alm_Nudo;Est_Alm_Nudo;0;0;0;0;0;;86;0;86;229;229;;
MATAS BLANCAS 132;50357;Canarias;;1;;;;;0; N/A ;  ;0;60;N/A;60;No;87;N/A;87;0;0;0;N/A;0;0;0;0;0;0;0;0;0;0;0;0;0;0;0;0;0;0;0;0;Din1_Zona;Din2_Zona;Din1_Zona;Din1_Zona;Din1_Zona;0;0;0;0;0;;0;0;0;0;0;;
MATAS BLANCAS 66;50357;Canarias;;;;;3;;0; N/A ;  ;0;76;N/A;24;Si. Caso b);80;N/A;28;0;0;52;SI;0;0;0;0;0;0;0;0;0;0;0;0;0;0;0;0;0;0;0;0;WSCR_Nudo/Din1_Zona;WSCR_Nudo/Din2_Zona;Din1_Zona;Din1_Zona;Din1_Zona;0;0;0;0;0;;0;0;0;0;0;;
MATORRAL 66;50358;Canarias;1;1;;;2;;0; N/A ;  ;0;33;N/A;0;No;42;N/A;0;0;0;32;SI;0;0;0;0;0;13;13;0;0;0;0;0;0;0;0;0;0;0;0;0;WSCR_Nudo/Est_Dem_Nudo/Din1_Zona;WSCR_Nudo/Est_Dem_Nudo/Din2_Zona;Est_Dem_Nudo/Din1_Zona;Est_Alm_Nudo/Din1_Zona;Est_Alm_Nudo/Din1_Zona;0;0;0;0;0;;0;0;0;0;0;;
MAZARICOS 220;50359;Galicia;;;;;2;;95; N/A ;  ;95;483;E330_SEPE, E410_SEPE;139;No;692;E330_SEPE, E410_SEPE;140;1300;0;150;SI;0;0;0;0;0;0;0;0;0;0;0;0;0;0;0;95;0;139;140;140;WSCR_Nudo;Din2_Zona;Est_Dem_Zona;Est_Alm_Zona;Est_Alm_Zona;0;0;0;0;0;;95;0;139;140;140;;
MAZARREDO 220;UFD-50411;Comunidad de Madrid;;;;;3;;885; N/A ;  ;885;110;E375_SEPE;0;No;116;E375_SEPE;29;0;0;80;SI;0;0;0;0;0;0;0;0;0;0;0;0;0;0;0;0;0;0;0;0;Est_Dem_Zona/Din1_Zona;Est_Dem_Zona/Din2_Zona;Est_Dem_Zona/Din1_Zona;Din1_Zona;Din1_Zona;0;0;0;0;0;;0;0;0;0;0;;
MECO 220;50360;Comunidad de Madrid;;;;;3;;0; N/A ;  ;0;304;E292_SEPE, E346_SEPE;;Si. Caso b);531;E292_SEPE, E346_SEPE;0;0;0;;NO;0;0;0;0;0;0;0;0;0;0;0;0;0;0;0;;;;;;;;;;;;;;;;Valor de referencia no acordado. Valor de referencia no acordado en la zona estática. ;;;;;;;
MEDIANO 220;50361;Aragón;2;;;;;;268; N/A ;  ;268;0;E200_SEPE;0;Si. Caso b);283;E200_SEPE;283;1007;0;0;N/A;0;0;0;0;0;0;0;0;0;0;0;0;0;0;0;0;0;0;283;283;Est_Dem_Nudo/Est_Dem_Zona;Est_Dem_Nudo/Est_Dem_Zona/Din2_Zona;Est_Dem_Nudo/Est_Dem_Zona;Est_Alm_Nudo;Est_Alm_Nudo;0;0;0;0;0;;0;0;0;283;283;;
MEDINA DEL CAMPO 220;50362;Castilla y León;;1;;;1;;1; N/A ;  ;0;202;E15_SEPE, E409_SEPE;;No;333;E15_SEPE, E409_SEPE;0;1123;0;;NO;1;1;1;0;0;18;0;18;0;0;1;0;0;0;54;;;;;;;;;;;;;;;;Valor de referencia no acordado. Valor de referencia no acordado en la zona estática. ;;;;;;;
MEDINACELI 400;50363;Castilla y León;1;;;;;;97; N/A ;  ;97;1287;E201_SEPE;1221;No ;1762;E201_SEPE;1672;193;0;0;N/A;66;0;66;0;0;25;25;0;0;66;0;0;0;0;0;97;0;193;193;193;WSCR_Nudo;Din2_Zona;Din1_Zona;Din1_Zona;Din1_Zona;0;0;0;0;0;;97;0;193;193;193;;
MEDIODIA 220;UFD-50416;Comunidad de Madrid;;;;;3;;829; N/A ;  ;829;52;E198_SEPE, E375_SEPE;0;No;55;E198_SEPE, E375_SEPE;0;0;0;66;SI;0;0;0;0;0;0;0;0;0;0;0;0;0;0;0;0;0;0;0;0;Est_Dem_Nudo/Est_Dem_Zona/Din1_Zona;Est_Dem_Nudo/Est_Dem_Zona/Din2_Zona;Est_Dem_Nudo/Est_Dem_Zona/Din1_Zona;Est_Alm_Nudo/Est_Alm_Zona/Din1_Zona;Est_Alm_Nudo/Est_Alm_Zona/Din1_Zona;0;0;0;0;0;;0;0;0;0;0;;
MEIRAMA 220;50364;Galicia;3;1;;1;2;;139; N/A ;  ;139;375;E244_SEPE;;No;617;E244_SEPE;41;537;0;;NO;55;0;55;0;0;0;0;0;0;55;0;0;0;150;0;;;;;;;;;;;;;;;;Valor de referencia no acordado. Valor de referencia no acordado en la zona estática. ;;;;;;SI;
MELANCOLICOS 220;50365;Comunidad de Madrid;;;;;5;;939; N/A ;  ;939;91;E374_SEPE;;No;650;E374_SEPE;0;0;0;;NO;0;0;0;0;0;0;0;0;0;0;0;0;0;0;0;;;;;;;;;;;;;;;;Valor de referencia no acordado. Valor de referencia no acordado en la zona estática. ;;;;;;;
MEQUINENZA 400;50366;Aragón;;;;;;;705; N/A ;  ;705;0;N/A;0;Si. Caso b);349;N/A;349;0;0;0;N/A;0;0;0;0;0;0;0;0;0;0;0;0;0;0;0;0;0;0;0;0;Est_Dem_Nudo/Din1_Zona;Est_Dem_Nudo/Din2_Zona;Est_Dem_Nudo/Din1_Zona;Din1_Zona;Din1_Zona;0;0;0;0;0;;0;0;0;0;0;;
MEQUINENZA 220;50366;Aragón;4;;;;2;;543; N/A ;  ;543;18;N/A;0;No;184;N/A;166;0;0;18;SI;0;0;0;0;0;0;0;0;0;0;0;0;0;0;0;0;0;0;0;0;Est_Dem_Nudo/Din1_Zona;Est_Dem_Nudo/Din2_Zona;Est_Dem_Nudo/Din1_Zona;Din1_Zona;Din1_Zona;0;0;0;0;0;;0;0;0;0;0;;
MERCADAL 132;50367;Islas Baleares;;1;;;3;;24; N/A ;  ;24;61;N/A;4;No;85;N/A;13;84;0;57;SI;0;0;0;0;0;16;16;0;0;0;0;0;0;0;0;4;0;4;13;13;Est_Dem_Nudo;Din2_Zona;Est_Dem_Nudo;Est_Alm_Nudo;Est_Alm_Nudo;0;0;0;0;0;;4;0;4;13;13;;
MERCEDES BENZ 220;50368;País Vasco;;;2;1;;;309; N/A ;  ;309;572;E195_SEPE, E335_SEPE;;No;602;E195_SEPE, E335_SEPE;527;831;0;0;N/A;50;0;50;0;0;0;0;0;0;50;0;0;0;0;0;;;;;;;;;;;;;;;;Valor de referencia no acordado en la zona estática. ;;;;;;;
MERIDA 220;50369;Extremadura;;;;;3;;310; N/A ;  ;310;272;E384_SEPE;52;No;656;E384_SEPE;436;999;0;220;SI;0;0;0;0;0;0;0;0;0;0;0;0;0;0;0;52;0;52;436;436;Est_Dem_Nudo;Din2_Zona;Est_Dem_Nudo;Est_Alm_Nudo;Est_Alm_Nudo;0;0;0;0;0;;52;0;52;436;436;;
MESON D.V. 400;50370;Galicia;;1;;;;;809; N/A ;  ;809;2030;N/A;2030;No;2962;N/A;2962;841;0;0;N/A;0;0;0;0;0;0;0;0;0;0;0;0;0;0;0;809;0;841;841;841;WSCR_Nudo;Din2_Zona;Din1_Zona;Din1_Zona;Din1_Zona;0;0;0;0;0;;809;0;841;841;841;;
MESON D.V. 220;50370;Galicia;2;;;;1;;0; N/A ;  ;0;640;E2_SEPE;276;No;1363;E2_SEPE;995;537;0;75;SI;135;0;135;0;0;0;0;0;0;135;0;0;0;0;0;0;0;276;537;537;WSCR_Nudo;WSCR_Nudo/Din2_Zona;Est_Dem_Zona;Din1_Zona;Din1_Zona;0;0;0;41;41;Margen zonal reservado para concurso. ;0;0;276;496;496;;
MEZQUITA 400;50371;Aragón;;1;;;;;779; N/A ;  ;758;1894;N/A;1873;No ;3059;N/A;3038;0;0;0;N/A;21;21;21;0;0;0;0;0;0;0;21;0;0;0;0;0;0;0;0;0;Din1_Zona;Din2_Zona;Din1_Zona;Din1_Zona;Din1_Zona;0;0;0;0;0;;0;0;0;0;0;;
MEZQUITA 220;50371;Aragón;1;;;;;;36; N/A ;  ;36;478;E23_SEPE;260;No;543;E23_SEPE;260;0;0;0;N/A;0;0;0;0;0;96;96;0;0;0;0;0;0;0;0;0;0;0;0;0;Din1_Zona;Din2_Zona;Din1_Zona;Din1_Zona;Din1_Zona;0;0;0;0;0;;0;0;0;0;0;;
MINGLANILLA 400;50372;Castilla-La Mancha;1;;;;;1;724; N/A ;  ;724;1644;N/A;1258;No ;3011;N/A;2218;0;0;300;SI;86;0;86;0;0;407;407;0;0;86;0;0;0;0;0;0;0;0;0;0;Din1_Zona;Din2_Zona;Din1_Zona;Din1_Zona;Din1_Zona;0;0;0;0;0;;0;0;0;0;0;;
MIRABAL 220;50799;Andalucía;;1;;;1;;233; N/A ;  ;233;208;N/A;83;No;476;N/A;351;1120;0;125;SI;0;0;0;0;0;0;0;0;0;0;0;0;0;16;0;83;0;83;351;351;Est_Dem_Nudo;Din2_Zona;Est_Dem_Nudo;Est_Alm_Nudo;Est_Alm_Nudo;83;0;83;351;351;Nudo de concurso. ;0;0;0;0;0;SI;
MIRANDA DE EBRO 220;50373;Castilla y León;;1;;;3;;349; N/A ;  ;349;368;E194_SEPE;;No;451;E194_SEPE;0;885;0;;NO;0;0;0;0;0;100;100;0;0;0;0;0;0;0;428;;;;;;;;;;;;;;;;Valor de referencia no acordado. Valor de referencia no acordado en la zona estática. ;;;;;;;
MIRASIERRA 220;50374;Comunidad de Madrid;;;;;4;;761; N/A ;  ;761;266;N/A;116;No;394;N/A;244;0;0;150;SI;0;0;0;0;0;0;0;0;0;0;0;0;0;0;0;0;0;0;0;0;Din1_Zona;Din2_Zona;Din1_Zona;Din1_Zona;Din1_Zona;0;0;0;0;0;;0;0;0;0;0;;
MOGAN 66;52084;Canarias;;;;;;1;12; N/A ;  ;12;35;E07_SEC;0;No;39;E07_SEC;0;5;0;13;SI;0;0;0;0;0;0;0;0;0;0;0;0;0;0;0;0;0;0;0;0;Est_Dem_Zona;Est_Dem_Zona/Din2_Zona;Est_Dem_Zona;Est_Alm_Zona;Est_Alm_Zona;0;0;0;0;0;;0;0;0;0;0;;
MOLINES 66;50375;Islas Baleares;;;1;;3;;10; N/A ; Riesgo interacciones ;10;122;N/A;16;No;133;N/A;27;0;0;88;SI;18;0;18;0;0;54;0;54;0;18;0;0;0;0;0;0;0;0;0;0;Din1_Zona;Din2_Zona;Din1_Zona;Din1_Zona;Din1_Zona;0;0;0;0;0;;0;0;0;0;0;;
MONCAYO 220;50376;Castilla y León;;1;;;2;;241; N/A ;  ;240;611;E338_SEPE;520;No;745;E338_SEPE;584;0;0;90;SI;1;1;1;0;0;0;0;0;0;0;1;0;0;0;49;0;0;0;0;0;Din1_Zona;Din2_Zona;Din1_Zona;Din1_Zona;Din1_Zona;0;0;0;0;0;;0;0;0;0;0;;
MONTALBANEJO 400;52079;Castilla-La Mancha;;1;;;;;703; N/A ;  ;703;1738;E322_SEPE;1738;No ;2774;E322_SEPE;2774;0;0;0;N/A;0;0;0;0;0;0;0;0;0;0;0;0;0;65;0;0;0;0;0;0;Din1_Zona;Din2_Zona;Din1_Zona;Din1_Zona;Din1_Zona;0;0;0;0;0;;0;0;0;0;0;SI;
MONTBLANC 220;50378;Cataluña;;;;;2;;127; N/A ;  ;127;312;N/A;238;Si. Caso b);718;N/A;645;0;0;73;SI;0;0;0;0;0;0;0;0;0;0;0;0;0;0;0;0;0;0;0;0;Din1_Zona;Din2_Zona;Din1_Zona;Din1_Zona;Din1_Zona;0;0;0;0;0;;0;0;0;0;0;;
MONTEARENAS 400;50379;Castilla y León;1;2;;;;;1.074; N/A ;  ;1.074;1059;N/A;1059;No;2138;N/A;1603;0;0;0;N/A;0;0;0;0;0;535;535;0;0;0;0;0;0;0;0;0;0;0;0;0;Din1_Zona;Din2_Zona;Din1_Zona;Din1_Zona;Din1_Zona;0;0;0;0;0;;0;0;0;0;0;;
MONTEARENAS 220;50379;Castilla y León;1;;;;;;47; N/A ;  ;47;644;E5_SEPE;572;No;1303;E5_SEPE;1063;526;0;0;N/A;0;0;0;0;0;0;0;0;0;0;0;0;0;0;10;47;0;526;526;526;WSCR_Nudo;Din2_Zona;Din1_Zona;Din1_Zona;Din1_Zona;0;0;0;0;0;;47;0;526;526;526;;
MONTEBELLO 220;50380;Comunidad Valenciana;;;;;2;;313; N/A ;  ;313;287;E37_SEPE;;No;784;E37_SEPE;0;897;0;;NO;0;0;0;0;0;0;0;0;0;0;0;0;0;0;0;;;;;;;;;;;;;;;;Valor de referencia no acordado. Valor de referencia no acordado en la zona estática. ;;;;;;;
MONTECILLO BAJO 220;50381;Andalucía;;;;;;;196; N/A ;  ;196;0;E191_SEPE, E404_SEPE;;Si. Caso b);0;E191_SEPE, E404_SEPE;0;1243;0;0;N/A;29;0;29;0;0;0;0;0;0;29;0;0;0;0;0;;;;;;;;;;;;;;;;Valor de referencia no acordado en la zona estática. ;;;;;;;
MONTESA 400;51299;Comunidad Valenciana;;1;;;;;869; N/A ;  ;869;1205;N/A;1205;No ;1564;N/A;1564;665;0;0;N/A;0;0;0;0;0;0;0;0;0;0;0;0;0;0;0;665;0;665;665;665;Din1_Zona;Din2_Zona;Din1_Zona;Din1_Zona;Din1_Zona;0;0;0;0;0;;665;0;665;665;665;;
MONTETORRERO 220;50382;Aragón;;;;2;5;;325; N/A ;  ;325;1322;E318_SEPE, E361_SEPE, E362_SEPE;;No;2353;E318_SEPE, E361_SEPE, E362_SEPE;567;0;0;;NO;0;0;0;0;0;0;0;0;0;0;0;0;0;700;0;;;;;;;;;;;;;;;;Valor de referencia no acordado. Valor de referencia no acordado en la zona estática. ;;;;;;SI;
MONTOUTO 220;50383;Galicia;2;;;;;;169; N/A ;  ;169;141;E280_SEPE;3;Si. Caso b);385;E280_SEPE;350;1300;0;0;N/A;0;0;0;0;0;0;0;0;0;0;0;0;0;0;0;3;0;3;350;350;Est_Dem_Zona;Din2_Zona;Est_Dem_Zona;Est_Alm_Zona;Est_Alm_Zona;3;0;3;350;350;Margen zonal reservado para concurso. ;0;0;0;0;0;;
MONZON 220;50384;Aragón;;;;;5;;205; N/A ;  ;205;79;N/A;0;Si. Caso b);388;N/A;202;951;0;130;SI;56;0;56;0;0;0;0;0;0;56;0;0;0;0;0;0;0;0;202;202;Est_Dem_Nudo;Est_Dem_Nudo/Din2_Zona;Est_Dem_Nudo;Est_Alm_Nudo;Est_Alm_Nudo;0;0;0;0;0;;0;0;0;202;202;;
MORA 220;50385;Castilla-La Mancha;;;;;;;268; N/A ;  ;268;333;E211_SEPE;275;Si. Caso b);406;E211_SEPE;361;941;0;0;N/A;45;0;45;0;0;0;0;0;0;45;0;0;0;0;0;268;0;275;361;361;WSCR_Nudo;Din2_Zona;Est_Dem_Zona;Est_Alm_Nudo;Est_Alm_Nudo;0;0;0;0;0;;268;0;275;361;361;;
MORALEJA 400;50386;Comunidad de Madrid;;1;;;;;1.238; N/A ;  ;1.238;25;N/A;25;No;1388;N/A;1388;0;0;0;N/A;0;0;0;0;0;0;0;0;0;0;0;0;0;0;0;0;0;0;0;0;Din1_Zona;Din2_Zona;Din1_Zona;Din1_Zona;Din1_Zona;0;0;0;0;0;;0;0;0;0;0;;
MORALEJA 220;50386;Comunidad de Madrid;;1;;;2;;756; N/A ;  ;674;66;N/A;;No;851;N/A;537;0;0;;NO;82;82;82;0;0;0;0;0;0;0;82;0;0;154;0;;;;;;;;;;;;;;;;Valor de referencia no acordado. ;;;;;;;
MORALETS 220;50387;Aragón;3;;;;;;267; N/A ;  ;267;0;E26_SEPE;0;No;308;E26_SEPE;18;292;0;0;N/A;0;0;0;0;0;221;221;0;0;0;0;0;0;0;0;0;0;0;18;18;Est_Dem_Nudo/Est_Dem_Zona;Est_Dem_Nudo/Est_Dem_Zona/Din2_Zona;Est_Dem_Nudo/Est_Dem_Zona;Est_Alm_Zona;Est_Alm_Zona;0;0;0;0;0;;0;0;0;18;18;;
MORATA 400;50388;Comunidad de Madrid;;1;;;;;1.598; N/A ;  ;1.521;884;N/A;807;No ;2953;N/A;2876;0;0;0;N/A;77;77;77;0;0;0;0;0;0;0;77;0;0;0;0;0;0;0;0;0;Din1_Zona;Din2_Zona;Din1_Zona;Din1_Zona;Din1_Zona;0;0;0;0;0;;0;0;0;0;0;;
MORATA 220;50388;Comunidad de Madrid;;1;;;1;1;712; N/A ;  ;712;252;N/A;;No;1077;N/A;902;0;0;;NO;34;0;34;0;0;0;0;0;0;34;0;0;0;121;0;;;;;;;;;;;;;;;;Valor de referencia no acordado. ;;;;;;SI;
MORELLA 400;50389;Comunidad Valenciana;1;1;;;;;0; N/A ;  ;0;1082;N/A;1082;Si. Caso a);3075;N/A;3075;0;0;0;N/A;0;0;0;0;0;0;0;0;0;0;0;0;0;0;0;0;0;0;0;0;WSCR_Nudo/Din1_Zona;WSCR_Nudo/Din2_Zona;Din1_Zona;Din1_Zona;Din1_Zona;0;0;0;0;0;;0;0;0;0;0;;
MORERUELA 400;52066;Castilla y León;;1;;;;;626; N/A ;  ;601;840;N/A;815;No ;1513;N/A;1488;915;0;0;N/A;25;25;25;0;0;0;0;0;0;0;25;0;0;0;0;601;0;815;915;915;WSCR_Nudo;Din2_Zona;Est_Dem_Nudo;Din1_Zona;Din1_Zona;0;0;0;0;0;;601;0;815;915;915;;
MORVEDRE 400;50390;Comunidad Valenciana;3;;;2;;;998; N/A ; Riesgo interacciones ;998;899;E393_SEPE, E407_SEPE;;No;2614;E393_SEPE, E407_SEPE;61;0;0;0;N/A;0;0;0;0;0;0;0;0;0;0;0;0;0;275;0;;;;;;;;;;;;;;;;Valor de referencia no acordado en la zona estática. ;;;;;;SI;
MORVEDRE B 220;50390;Comunidad Valenciana;;1;1;;2;1;318; N/A ;  ;318;475;E393_SEPE;;No;1107;E393_SEPE;61;0;0;;NO;55;0;55;0;0;0;0;0;0;55;0;0;0;0;0;;;;;;;;;;;;;;;;Valor de referencia no acordado. Valor de referencia no acordado en la zona estática. ;;;;;;;
MOTORS 220;50392;Cataluña;;;;;3;;661; N/A ;  ;661;75;E402_SEPE;;No;333;E402_SEPE;0;0;0;;NO;0;0;0;0;0;0;0;0;0;0;0;0;0;0;0;;;;;;;;;;;;;;;;Valor de referencia no acordado. Valor de referencia no acordado en la zona estática. ;;;;;;;
MUDARRA 400;50393;Castilla y León;1;1;;;;;428; N/A ;  ;245;1792;N/A;1609;No;4632;N/A;4450;0;0;0;N/A;183;183;183;0;0;0;0;0;0;0;183;0;0;0;50;0;0;0;0;0;Din1_Zona;Din2_Zona;Din1_Zona;Din1_Zona;Din1_Zona;0;0;0;0;0;;0;0;0;0;0;;
MUDARRA 220;50393;Castilla y León;1;;;;1;;118; N/A ; Superación valor máx Icc ;0;888;N/A;570;No;1165;N/A;847;678;0;200;SI;118;118;118;0;0;5;0;5;0;0;118;0;0;0;0;0;0;570;678;678;WSCR_Nudo;WSCR_Nudo/Din2_Zona;Est_Dem_Nudo;Din1_Zona;Din1_Zona;0;0;0;0;0;;0;0;570;678;678;;
MUDARRITA 220;50394;Castilla y León;;;;;;;25; N/A ; Superación valor máx Icc ;25;553;N/A;553;Si. Caso b);716;N/A;716;678;0;0;N/A;0;0;0;0;0;0;0;0;0;0;0;0;0;0;0;25;0;553;678;678;WSCR_Nudo;Din2_Zona;Est_Dem_Nudo;Din1_Zona;Din1_Zona;0;0;0;0;0;;25;0;553;678;678;;
MUDEJAR 400;50395;Aragón;;1;;1;;;541; N/A ;  ;348;1105;E399_SEPE;226;Si. Caso a);931;E399_SEPE;629;0;0;0;N/A;193;193;193;0;0;109;109;0;0;0;193;0;0;0;0;0;0;0;0;0;Din1_Zona;Din2_Zona;Din1_Zona;Din1_Zona;Din1_Zona;0;0;0;0;0;;0;0;0;0;0;;
MUELA 400;50396;Comunidad Valenciana;9;;;;;;1.249; N/A ;  ;1.249;1927;E339_SEPE;1368;No;3377;E339_SEPE;1693;0;0;0;N/A;0;0;0;0;0;1536;1536;0;0;0;0;0;0;0;0;0;0;0;0;0;Din1_Zona;Din2_Zona;Din1_Zona;Din1_Zona;Din1_Zona;0;0;0;0;0;;0;0;0;0;0;;
MUELLE GRANDE 66;50397;Canarias;;;;;3;;70; N/A ;  ;70;112;N/A;43;Si. Caso b);123;N/A;54;0;0;69;SI;0;0;0;0;0;30;0;30;0;0;0;0;0;0;0;0;0;0;0;0;Din1_Zona;Din2_Zona;Din1_Zona;Din1_Zona;Din1_Zona;0;0;0;0;0;;0;0;0;0;0;;
MUNIESA 400;50398;Aragón;1;;;;;;0; N/A ;  ;0;615;N/A;615;No ;1716;N/A;1674;0;0;0;N/A;0;0;0;0;0;41;41;0;0;0;0;0;0;0;0;0;0;0;0;0;WSCR_Nudo/Din1_Zona;WSCR_Nudo/Din2_Zona;Din1_Zona;Din1_Zona;Din1_Zona;0;0;0;0;0;;0;0;0;0;0;;
MURCIA 220;50399;Región de Murcia;;;;;2;;93; N/A ;  ;93;428;E39_SEPE;;Si. Caso b);592;E39_SEPE;192;864;0;;NO;0;0;0;0;0;0;0;0;0;0;0;0;0;0;0;;;;;;;;;;;;;;;;Valor de referencia no acordado. Valor de referencia no acordado en la zona estática. ;;;;;;;
MURTERAR 220;50400;Islas Baleares;7;;;;;;1; N/A ; Riesgo interacciones ;1;192;E20_SEB;57;No;313;E20_SEB;57;0;0;0;N/A;0;0;0;0;0;120;120;0;0;0;0;0;0;0;0;0;0;0;0;0;Din1_Zona;Din2_Zona;Din1_Zona;Din1_Zona;Din1_Zona;0;0;0;0;0;;0;0;0;0;0;;
MURUARTE 400;50401;Comunidad Foral de Navarra;;1;;;;;668; N/A ;  ;668;581;N/A;581;No ;746;N/A;746;0;0;0;N/A;0;0;0;0;0;0;0;0;0;0;0;0;0;0;0;0;0;0;0;0;Din1_Zona;Din2_Zona;Din1_Zona;Din1_Zona;Din1_Zona;0;0;0;0;0;;0;0;0;0;0;;
MURUARTE 220;50401;Comunidad Foral de Navarra;1;1;;;;;4; N/A ;  ;4;123;E251_SEPE, E270_SEPE;;No;594;E251_SEPE, E270_SEPE;0;847;0;0;N/A;0;0;0;0;0;0;0;0;0;0;0;0;0;20;497;;;;;;;;;;;;;;;;Valor de referencia no acordado en la zona estática. ;;;;;;;
NARAIO 400;51282;Galicia;;;;1;;1;615; N/A ;  ;615;1186;E354_SEPE;1186;No ;1540;E354_SEPE;1540;1024;0;0;N/A;0;0;0;0;0;0;0;0;0;0;0;0;0;1985;0;615;0;1024;1024;1024;WSCR_Nudo;Din2_Zona;Din1_Zona;Din1_Zona;Din1_Zona;615;0;1024;1024;1024;Nudo de concurso. ;0;0;0;0;0;SI;
NARCEA 400;50402;Principado de Asturias;1;;;;1;;14; N/A ;  ;14;497;E6_SEPE;497;Si. Caso b);1199;E6_SEPE;1199;551;0;0;N/A;0;0;0;0;0;0;0;0;0;0;0;0;0;0;0;14;0;497;551;551;WSCR_Nudo;Din2_Zona;Est_Dem_Nudo;Din1_Zona;Din1_Zona;0;0;0;0;0;;14;0;497;551;551;;
NORTE 220;51239;Comunidad de Madrid;;;;;4;;901; N/A ;  ;901;106;E216_SEPE;0;No;112;E216_SEPE;6;0;0;106;SI;0;0;0;0;0;0;0;0;0;0;0;0;0;0;0;0;0;0;0;0;Est_Dem_Nudo/Est_Dem_Zona/Din1_Zona;Est_Dem_Nudo/Est_Dem_Zona/Din2_Zona;Est_Dem_Nudo/Est_Dem_Zona/Din1_Zona;Din1_Zona;Din1_Zona;0;0;0;0;0;;0;0;0;0;0;;
NOVELDA 220;50403;Comunidad Valenciana;;1;;;2;;155; N/A ;  ;155;303;N/A;224;No;831;N/A;752;897;0;79;SI;0;0;0;0;0;0;0;0;0;0;0;0;0;0;0;155;0;224;752;752;WSCR_Nudo;Din2_Zona;Est_Dem_Nudo;Est_Alm_Nudo;Est_Alm_Nudo;0;0;0;0;0;;155;0;224;752;752;;
NUDO VIARIO 220;50404;Cataluña;;;;;;;747; N/A ;  ;747;96;E402_SEPE;;No;406;E402_SEPE;0;0;0;0;N/A;41;0;41;0;0;0;0;0;0;41;0;0;0;0;0;;;;;;;;;;;;;;;;Valor de referencia no acordado en la zona estática. ;;;;;;;
NUEVA CASARES 220;50405;Andalucía;;1;;;2;;178; N/A ;  ;178;161;N/A;;No;512;N/A;274;1121;0;;NO;0;0;0;0;0;0;0;0;0;0;0;0;0;0;0;;;;;;;;;;;;;;;;Valor de referencia no acordado. ;;;;;;;
NUEVA ESCOMBRERAS 400;50406;Región de Murcia;6;;;;;;411; W02_SEPE_BIN ;  ;411;1181;E170_SEPE_Bin;1181;No ;1773;E170_SEPE_Bin;1761;862;0;0;N/A;0;0;0;0;0;0;0;0;0;0;0;0;0;0;0;411;0;862;862;862;WSCR_Zona;Din2_Zona;Din1_Zona;Din1_Zona;Din1_Zona;0;0;0;0;0;;411;0;862;862;862;;
NUEVA ESCOMBRERAS (NUEVA ESCOMBRERAS B) 400;50406;Región de Murcia;;;;;;;391; W02_SEPE_BIN ;  ;391;1312;E170_SEPE_Bin, E331_SEPE;504;Si. Caso a);1951;E170_SEPE_Bin, E331_SEPE;1761;862;0;0;N/A;0;0;0;0;0;0;0;0;0;0;0;0;0;0;0;391;0;504;862;862;WSCR_Nudo;Din2_Zona;Est_Dem_Zona;Din1_Zona;Din1_Zona;0;0;0;0;0;;391;0;504;862;862;;
NUEVA MECO 220;51426;Comunidad de Madrid;;;;2;;;193; N/A ;  ;79;278;E292_SEPE, E346_SEPE;;No;458;E292_SEPE, E346_SEPE;0;0;0;0;N/A;114;114;114;0;0;0;0;0;0;0;114;0;0;0;0;;;;;;;;;;;;;;;;Valor de referencia no acordado en la zona estática. ;;;;;;;
NUEVO CAUCE 220;51365;Comunidad Valenciana;;;;;;2;591; N/A ;  ;591;129;E287_SEPE, E340_SEPE;;No;655;E287_SEPE, E340_SEPE;0;0;0;;NO;0;0;0;0;0;0;0;0;0;0;0;0;0;0;0;;;;;;;;;;;;;;;;Valor de referencia no acordado. Valor de referencia no acordado en la zona estática. ;;;;;;;
NUEVO VIGO (BATEAS) 220;50777;Galicia;;;;2;;;302; N/A ;  ;302;127;E280_SEPE;3;No;350;E280_SEPE;350;1300;0;0;N/A;0;0;0;0;0;0;0;0;0;0;0;0;0;100;0;3;0;3;350;350;Est_Dem_Zona;Din2_Zona;Est_Dem_Zona;Est_Alm_Zona;Est_Alm_Zona;3;0;3;350;350;Nudo de concurso. ;0;0;0;0;0;SI;Resolución de 24 de febrero de 2026, de la Secretaría de Estado de Energía, por la que se resuelve el concurso de capacidad de acceso de demanda en determinados nudos de la red de transporte convocado mediante la Resolución de 11 de julio de 2025, de la Secretaría de Estado de Energía, por la que se convocan los concursos de capacidad de acceso de la red de transporte
NUREDDUNA 66;50407;Islas Baleares;;;;;3;;142; N/A ; Riesgo interacciones ;142;60;N/A;20;Si. Caso b);63;N/A;23;0;0;40;SI;0;0;0;0;0;2;0;2;0;0;0;0;0;0;0;0;0;0;0;0;Din1_Zona;Din2_Zona;Din1_Zona;Din1_Zona;Din1_Zona;0;0;0;0;0;;0;0;0;0;0;;
O INCIO 220;52088;Galicia;;;;;;;281; N/A ;  ;281;348;E329_SEPE;334;No;438;E329_SEPE;424;1286;0;0;N/A;14;0;14;0;0;0;0;0;0;14;0;0;0;0;0;281;0;334;424;424;WSCR_Nudo;Din2_Zona;Est_Dem_Nudo;Est_Alm_Nudo;Est_Alm_Nudo;0;0;0;0;0;;281;0;334;424;424;;
OLITE 220;50408;Comunidad Foral de Navarra;1;1;;;;;65; N/A ;  ;65;465;E196_SEPE, E251_SEPE;;No;605;E196_SEPE, E251_SEPE;0;1009;0;0;N/A;0;0;0;0;0;76;76;0;0;0;0;0;0;0;520;;;;;;;;;;;;;;;;Valor de referencia no acordado en la zona estática. ;;;;;;;
OLIVARES 220;50409;Andalucía;;;;;2;;263; N/A ;  ;263;442;N/A;259;No;557;N/A;373;1287;0;183;SI;0;0;0;0;0;0;0;0;0;0;0;0;0;0;0;259;0;259;373;373;Est_Dem_Nudo;Din2_Zona;Est_Dem_Nudo;Est_Alm_Nudo;Est_Alm_Nudo;0;0;0;0;0;;259;0;259;373;373;;
OLMEDILLA 220;50411;Castilla-La Mancha;1;;;;1;;196; N/A ;  ;196;376;E388_SEPE;;No;444;E388_SEPE;0;1281;0;;NO;0;0;0;0;0;0;0;0;0;0;0;0;0;40;0;;;;;;;;;;;;;;;;Valor de referencia no acordado. Valor de referencia no acordado en la zona estática. ;;;;;;SI;
OLMEDILLA 400;50411;Castilla-La Mancha;2;1;;;1;;217; N/A ;  ;217;2285;E371_SEPE, E372_SEPE;1313;Si. Caso a);4846;E371_SEPE, E372_SEPE;2766;0;0;300;SI;59;0;59;0;0;50;50;0;0;59;0;0;0;0;0;0;0;0;0;0;Din1_Zona;Din2_Zona;Din1_Zona;Din1_Zona;Din1_Zona;0;0;0;0;0;;0;0;0;0;0;;
OLMEDO 400;50412;Castilla y León;;1;;;;;511; N/A ;  ;486;865;E182_SEPE;670;No ;1336;E182_SEPE;1047;0;0;0;N/A;91;25;91;0;0;85;85;0;0;66;25;0;0;0;0;0;0;0;0;0;Din1_Zona;Din2_Zona;Din1_Zona;Din1_Zona;Din1_Zona;0;0;0;0;0;;0;0;0;0;0;;
ONCALA 220;50413;Castilla y León;1;;;;2;;0; N/A ;  ;0;371;E13_SEPE;314;Si. Caso b);395;E13_SEPE;314;0;0;50;SI;0;0;0;0;0;31;31;0;0;0;0;0;0;0;28;0;0;0;0;0;WSCR_Nudo/Din1_Zona;WSCR_Nudo/Din2_Zona;Din1_Zona;Din1_Zona;Din1_Zona;0;0;0;0;0;;0;0;0;0;0;;
ONDINAS 220;50414;Castilla y León;2;;;;;;56; N/A ;  ;56;190;N/A;190;Si. Caso b);200;N/A;200;635;0;0;N/A;0;0;0;0;0;0;0;0;0;0;0;0;0;0;145;56;0;190;200;200;WSCR_Nudo;Din2_Zona;Est_Dem_Nudo;Est_Alm_Nudo;Est_Alm_Nudo;0;0;0;0;0;;56;0;190;200;200;;
ONUBA 220;50415;Andalucía;1;;;;3;;414; N/A ;  ;414;392;E314_SEPE;;No;662;E314_SEPE;382;1026;0;280;SI;0;0;0;0;0;0;0;0;0;0;0;0;0;0;0;;;;;;;;;;;;;;;;Valor de referencia no acordado en la zona estática. ;;;;;;;
ORCOYEN 220;50416;Comunidad Foral de Navarra;;1;1;;3;;253; N/A ;  ;253;645;E251_SEPE;;No;798;E251_SEPE;0;746;0;;NO;88;0;88;0;0;83;83;0;0;88;0;0;0;0;81;;;;;;;;;;;;;;;;Valor de referencia no acordado. Valor de referencia no acordado en la zona estática. ;;;;;;;
ORGIVA 220;50417;Andalucía;;;;;2;;246; N/A ;  ;246;139;E218_SEPE, E396_SEPE;;Si. Caso b);523;E218_SEPE, E396_SEPE;0;1266;0;;NO;0;0;0;0;0;0;0;0;0;0;0;0;0;0;0;;;;;;;;;;;;;;;;Valor de referencia no acordado. Valor de referencia no acordado en la zona estática. ;;;;;;;
ORMAIZTEGUI 220;50418;País Vasco;;;2;;2;;625; N/A ;  ;625;277;N/A;;Si. Caso b);508;N/A;7;660;0;;NO;125;0;125;0;0;0;0;0;0;125;0;0;0;0;0;;;;;;;;;;;;;;;;Valor de referencia no acordado. ;;;;;;;
ORTIGUERO 220;52087;Principado de Asturias;;;;;;1;227; N/A ;  ;227;361;E320_SEPE;238;No;532;E320_SEPE;406;1300;0;100;SI;0;0;0;0;0;0;0;0;0;0;0;0;0;0;0;227;0;238;406;406;WSCR_Nudo;Din2_Zona;Est_Dem_Zona;Est_Alm_Zona;Est_Alm_Zona;0;0;0;0;0;;227;0;238;406;406;;
ORTUELLA 220;50419;País Vasco;;;2;;2;;630; N/A ;  ;630;619;E359_SEPE;60;No;831;E359_SEPE;60;431;0;337;SI;100;0;100;0;0;20;0;20;0;100;0;0;0;0;0;60;0;60;60;60;Est_Dem_Zona;Din2_Zona;Est_Dem_Zona;Est_Alm_Zona;Est_Alm_Zona;0;0;0;0;0;;60;0;60;60;60;;
OTERO 220;50420;Castilla y León;;;;;1;;100; N/A ;  ;100;227;N/A;202;Si. Caso b);239;N/A;214;0;0;25;SI;0;0;0;0;0;0;0;0;0;0;0;0;0;0;0;0;0;0;0;0;Din1_Zona;Din2_Zona;Din1_Zona;Din1_Zona;Din1_Zona;0;0;0;0;0;;0;0;0;0;0;;
PALAFOX 220;50421;Comunidad de Madrid;;;;;3;;872; N/A ;  ;872;61;N/A;;No;704;N/A;599;0;0;;NO;0;0;0;0;0;0;0;0;0;0;0;0;0;0;0;;;;;;;;;;;;;;;;Valor de referencia no acordado. ;;;;;;;
PALAU 220;50422;Cataluña;;;;;3;;622; N/A ;  ;622;475;N/A;329;No;957;N/A;811;0;0;146;SI;0;0;0;0;0;50;0;50;0;0;0;0;0;0;0;0;0;0;0;0;Din1_Zona;Din2_Zona;Din1_Zona;Din1_Zona;Din1_Zona;0;0;0;0;0;;0;0;0;0;0;;
PALENCIA 220;50423;Castilla y León;;1;;;2;;295; N/A ;  ;295;584;N/A;325;No;823;N/A;564;1167;0;259;SI;0;0;0;0;0;0;0;0;0;0;0;0;0;169;20;295;0;325;564;564;WSCR_Nudo;Din2_Zona;Est_Dem_Nudo;Est_Alm_Nudo;Est_Alm_Nudo;295;0;325;564;564;Nudo de concurso. ;0;0;0;0;0;SI;
PALMA NOVA 66;50424;Islas Baleares;;;;;3;;5; N/A ; Riesgo interacciones ;5;72;N/A;9;No;76;N/A;13;0;0;63;SI;0;0;0;0;0;0;0;0;0;0;0;0;0;0;0;0;0;0;0;0;Din1_Zona;Din2_Zona;Din1_Zona;Din1_Zona;Din1_Zona;0;0;0;0;0;;0;0;0;0;0;;
PALOS 400;50425;Andalucía;3;1;;;;;790; N/A ;  ;790;400;E392_SEPE;;Si. Caso c);755;E392_SEPE;163;1026;0;0;N/A;0;0;0;0;0;0;0;0;0;0;0;0;0;388;0;;;;;;;;;;;;;;;;Valor de referencia no acordado en la zona estática. ;;;;;;SI;Resolución de 24 de febrero de 2026, de la Secretaría de Estado de Energía, por la que se resuelve el concurso de capacidad de acceso de demanda en determinados nudos de la red de transporte convocado mediante la Resolución de 11 de julio de 2025, de la Secretaría de Estado de Energía, por la que se convocan los concursos de capacidad de acceso de la red de transporte
PALOS 220;50425;Andalucía;1;1;;1;;;671; N/A ;  ;434;400;E392_SEPE;;No;756;E392_SEPE;163;1026;0;0;N/A;237;237;237;0;0;0;0;0;0;0;237;0;0;825;0;;;;;;;;;;;;;;;;Valor de referencia no acordado en la zona estática. ;;;;;;SI;
PARAMO DE POZA 220;50426;Castilla y León;2;;;;;;0; N/A ;  ;0;257;E12_SEPE;244;Si. Caso b);294;E12_SEPE;244;1249;0;0;N/A;0;0;0;0;0;50;50;0;0;0;0;0;0;0;0;0;0;244;244;244;WSCR_Nudo;WSCR_Nudo/Din2_Zona;Est_Dem_Nudo;Est_Alm_Nudo;Est_Alm_Nudo;0;0;0;0;0;;0;0;244;244;244;;
PARLA 220;50427;Comunidad de Madrid;;1;;;2;;422; N/A ;  ;362;233;E291_SEPE, E389_SEPE;;No;637;E291_SEPE, E389_SEPE;0;0;0;;NO;60;60;60;0;0;0;0;0;0;0;60;0;0;0;164;;;;;;;;;;;;;;;;Valor de referencia no acordado. Valor de referencia no acordado en la zona estática. ;;;;;;;
PARQUE CENTRAL 220;50428;Comunidad Valenciana;;;;;3;;612; N/A ;  ;612;165;E184_SEPE, E340_SEPE;;No;552;E184_SEPE, E340_SEPE;0;1042;0;;NO;0;0;0;0;0;0;0;0;0;0;0;0;0;0;0;;;;;;;;;;;;;;;;Valor de referencia no acordado. Valor de referencia no acordado en la zona estática. ;;;;;;;
PARQUE EOLICO DO SIL 220;50429;Galicia;2;1;;;;;176; N/A ;  ;176;258;N/A;258;Si. Caso b);397;N/A;397;1274;0;0;N/A;0;0;0;0;0;0;0;0;0;0;0;0;0;0;0;176;0;258;397;397;WSCR_Nudo;Din2_Zona;Est_Dem_Nudo;Est_Alm_Nudo;Est_Alm_Nudo;0;0;0;0;0;;176;0;258;397;397;;
PARQUE INGENIEROS 220;50430;Comunidad de Madrid;;;;;2;;961; N/A ;  ;961;23;E373_SEPE, E374_SEPE;;No;410;E373_SEPE, E374_SEPE;0;0;0;;NO;0;0;0;0;0;8;0;8;0;0;0;0;0;0;0;;;;;;;;;;;;;;;;Valor de referencia no acordado. Valor de referencia no acordado en la zona estática. ;;;;;;;
PATRAIX 220;50431;Comunidad Valenciana;;;;;2;;311; N/A ;  ;311;102;E287_SEPE, E340_SEPE;;No;623;E287_SEPE, E340_SEPE;0;0;0;;NO;0;0;0;0;0;0;0;0;0;0;0;0;0;0;0;;;;;;;;;;;;;;;;Valor de referencia no acordado. Valor de referencia no acordado en la zona estática. ;;;;;;;
PAZOS DE BORBEN 220;50432;Galicia;;;;;2;;528; N/A ;  ;528;235;E245_SEPE, E328_SEPE;;No;1092;E245_SEPE, E328_SEPE;686;1274;0;200;SI;0;0;0;0;0;0;0;0;0;0;0;0;0;0;0;;;;;;;;;;;;;;;;Valor de referencia no acordado en la zona estática. ;;;;;;;
PENAGOS 400;50433;Cantabria;;;;;;;633; N/A ;  ;633;1175;N/A;1175;No ;1729;N/A;1729;631;0;0;N/A;0;0;0;0;0;0;0;0;0;0;0;0;0;0;0;631;0;631;631;631;Din1_Zona;Din2_Zona;Din1_Zona;Din1_Zona;Din1_Zona;0;0;0;0;0;;631;0;631;631;631;;
PENAGOS 220;50433;Cantabria;;;;;;;152; N/A ;  ;152;421;E228_SEPE;;No;978;E228_SEPE;169;282;0;0;N/A;0;0;0;0;0;0;0;0;0;0;0;0;0;0;0;;;;;;;;;;;;;;;;Valor de referencia no acordado en la zona estática. ;;;;;;;
PENEDES 220;50434;Cataluña;;1;;;2;;391; N/A ;  ;391;164;E208_SEPE;;No;417;E208_SEPE;186;0;0;;NO;0;0;0;0;0;93;93;0;0;0;0;0;0;0;392;;;;;;;;;;;;;;;;Valor de referencia no acordado. Valor de referencia no acordado en la zona estática. ;;;;;;;
PEÑADRADA 220;50435;Castilla y León;2;;;;;;72; N/A ;  ;72;190;N/A;150;Si. Caso b);200;N/A;150;635;0;0;N/A;0;0;0;0;0;50;50;0;0;0;0;0;0;0;159;72;0;150;150;150;WSCR_Nudo;Din2_Zona;Est_Dem_Nudo;Est_Alm_Nudo;Est_Alm_Nudo;0;0;0;0;0;;72;0;150;150;150;;
PEÑAFLOR 400;50436;Aragón;;1;;2;;;771; N/A ;  ;471;690;N/A;390;Si. Caso a);1983;N/A;1683;0;0;0;N/A;300;300;300;0;0;0;0;0;0;0;300;0;0;0;0;0;0;0;0;0;Din1_Zona;Din2_Zona;Din1_Zona;Din1_Zona;Din1_Zona;0;0;0;0;0;;0;0;0;0;0;;
PEÑAFLOR 220;50436;Aragón;;1;;4;1;1;548; N/A ;  ;548;1140;N/A;790;No;1478;N/A;1128;0;0;350;SI;0;0;0;0;0;0;0;0;0;0;0;0;0;850;0;0;0;0;0;0;Din1_Zona;Din2_Zona;Din1_Zona;Din1_Zona;Din1_Zona;0;0;0;0;0;;0;0;0;0;0;SI;
PEÑALBA 400;50437;Aragón;;;;;;;950; N/A ;  ;950;113;N/A;65;No ;358;N/A;309;0;0;0;N/A;49;0;49;0;0;0;0;0;0;49;0;0;0;0;0;0;0;0;0;0;Din1_Zona;Din2_Zona;Din1_Zona;Din1_Zona;Din1_Zona;0;0;0;0;0;;0;0;0;0;0;;
PEÑALBA 220;50437;Aragón;;;;;;;602; N/A ;  ;602;96;E299_SEPE;;No;338;E299_SEPE;63;0;0;0;N/A;0;0;0;0;0;0;0;0;0;0;0;0;0;0;0;;;;;;;;;;;;;;;;Valor de referencia no acordado en la zona estática. ;;;;;;;
PEÑARRUBIA 400;50438;Región de Murcia;1;1;;;;1;224; N/A ;  ;224;1178;N/A;934;Si. Caso a);1724;N/A;1480;855;0;244;SI;0;0;0;0;0;0;0;0;0;0;0;0;0;0;15;224;0;855;855;855;WSCR_Nudo;Din2_Zona;Din1_Zona;Din1_Zona;Din1_Zona;0;0;0;0;0;;224;0;855;855;855;;
PERAFORT 220;50439;Cataluña;2;1;;;3;;552; N/A ;  ;552;554;E364_SEPE;;No;1128;E364_SEPE;138;0;0;;NO;90;0;90;0;0;0;0;0;0;90;0;0;0;0;19;;;;;;;;;;;;;;;;Valor de referencia no acordado. Valor de referencia no acordado en la zona estática. ;;;;;;;
PESOZ 400;50440;Principado de Asturias;;3;;;2;;138; N/A ;  ;138;1255;E227_SEPE;73;No ;2133;E227_SEPE;782;303;0;400;SI;0;0;0;0;0;247;247;0;0;0;0;0;0;0;0;73;0;73;303;303;Est_Dem_Zona;Din2_Zona;Est_Dem_Zona;Din1_Zona;Din1_Zona;0;0;0;0;0;;73;0;73;303;303;;
PICON 220;50441;Castilla-La Mancha;1;;;;;;177; N/A ;  ;177;420;N/A;375;No;732;N/A;687;1050;0;0;N/A;45;0;45;0;0;0;0;0;0;45;0;0;0;109;0;177;0;375;687;687;WSCR_Nudo;Din2_Zona;Est_Dem_Nudo;Est_Alm_Nudo;Est_Alm_Nudo;177;0;375;687;687;Nudo de concurso. ;0;0;0;0;0;SI;
PIELAGOS 220;51251;Cantabria;;;;;;1;381; N/A ;  ;381;363;N/A;183;No;644;N/A;464;1044;0;180;SI;0;0;0;0;0;0;0;0;0;0;0;0;0;0;0;183;0;183;464;464;Est_Dem_Nudo;Din2_Zona;Est_Dem_Nudo;Est_Alm_Nudo;Est_Alm_Nudo;0;0;0;0;0;;183;0;183;464;464;;
PIEROLA 400;50442;Cataluña;;1;;;1;;1.102; N/A ;  ;1.102;379;N/A;79;No ;1113;N/A;813;0;0;300;SI;0;0;0;0;0;0;0;0;0;0;0;0;0;0;0;0;0;0;0;0;Din1_Zona;Din2_Zona;Din1_Zona;Din1_Zona;Din1_Zona;0;0;0;0;0;;0;0;0;0;0;;
PIEROLA 220;50442;Cataluña;;1;;;;;556; N/A ;  ;556;384;N/A;384;No;884;N/A;884;0;0;0;N/A;0;0;0;0;0;0;0;0;0;0;0;0;0;0;150;0;0;0;0;0;Din1_Zona;Din2_Zona;Din1_Zona;Din1_Zona;Din1_Zona;0;0;0;0;0;;0;0;0;0;0;;
EL PILAR 220;50443;Comunidad de Madrid;;;;;5;;151; N/A ;  ;151;368;E45_SEPE;;No;539;E45_SEPE;164;0;0;;NO;0;0;0;0;0;0;0;0;0;0;0;0;0;0;0;;;;;;;;;;;;;;;;Valor de referencia no acordado. Valor de referencia no acordado en la zona estática. ;;;;;;;
PINAR DE REY 400;50444;Andalucía;3;1;;;;;578; N/A ;  ;578;79;N/A;79;No ;1704;N/A;1704;796;0;0;N/A;0;0;0;0;0;0;0;0;0;0;0;0;0;386;0;79;0;79;796;796;Est_Dem_Nudo;Din2_Zona;Est_Dem_Nudo;Din1_Zona;Din1_Zona;79;0;79;796;796;Nudo de concurso. ;0;0;0;0;0;SI;
PINAR DE REY 220;50444;Andalucía;2;;1;;3;;219; W12_SEPE_BIN ;  ;72;432;E146_SEPE_Bin;;No ;842;E146_SEPE_Bin;410;915;0;;NO;171;0;171;0;0;0;0;0;0;171;0;0;0;184;0;;;;;;;;;;;;;;;;Valor de referencia no acordado. Valor de referencia no acordado en la zona estática. ;;;;;;SI;
PINAR DE REY (PINAR DE REY B) 220;50444;Andalucía;;1;;;;;0; W12_SEPE_BIN ;  ;0;109;E40_SEPE, E146_SEPE_Bin;;No ;1038;E40_SEPE, E146_SEPE_Bin;644;915;0;0;N/A;0;0;0;0;0;19;19;0;0;0;0;0;0;0;0;;;;;;;;;;;;;;;;Valor de referencia no acordado en la zona estática. ;;;;;;;
PINTO 220;50445;Comunidad de Madrid;;1;;;3;1;345; N/A ;  ;345;259;E291_SEPE, E389_SEPE;;No;650;E291_SEPE, E389_SEPE;0;0;0;;NO;1;1;1;0;0;0;0;0;0;0;1;0;0;0;0;;;;;;;;;;;;;;;;Valor de referencia no acordado. Valor de referencia no acordado en la zona estática. ;;;;;;;
PINTO AYUDEN 220;50446;Comunidad de Madrid;;1;;;2;;756; N/A ;  ;756;231;E214_SEPE;137;No;635;E214_SEPE;579;0;0;55;SI;1;1;1;0;0;0;0;0;0;0;1;0;0;0;0;0;0;0;0;0;Din1_Zona;Din2_Zona;Din1_Zona;Din1_Zona;Din1_Zona;0;0;0;0;0;;0;0;0;0;0;;
PLASENCIA 220;50447;Extremadura;;1;;;2;;83; N/A ;  ;83;313;E16_SEPE;;No;363;E16_SEPE;0;539;0;;NO;0;0;0;0;0;163;163;0;0;0;0;0;0;0;0;;;;;;;;;;;;;;;;Valor de referencia no acordado. Valor de referencia no acordado en la zona estática. ;;;;;;;
PLATEA 400;51355;Aragón;;;;;;1;850; N/A ;  ;850;2238;N/A;1967;No ;3553;N/A;3282;0;0;240;SI;31;0;31;0;0;0;0;0;0;31;0;0;0;0;0;0;0;0;0;0;Din1_Zona;Din2_Zona;Din1_Zona;Din1_Zona;Din1_Zona;0;0;0;0;0;;0;0;0;0;0;;
PLAYA BLANCA 132;50448;Canarias;;;;;;;47; N/A ;  ;47;63;N/A;63;No;87;N/A;87;21;0;0;N/A;0;0;0;0;0;0;0;0;0;0;0;0;0;0;0;21;0;21;21;21;Din1_Zona;Din2_Zona;Din1_Zona;Din1_Zona;Din1_Zona;0;0;0;0;0;;21;0;21;21;21;;
PLAYA BLANCA 66;50448;Canarias;;;;;2;;25; N/A ;  ;25;89;N/A;49;No;110;N/A;70;9;0;40;SI;0;0;0;0;0;12;0;12;0;0;0;0;0;0;0;9;0;9;9;9;Din1_Zona;Din2_Zona;Din1_Zona;Din1_Zona;Din1_Zona;0;0;0;0;0;;9;0;9;9;9;;
PLAZA 220;50449;Aragón;;;;;4;;0; N/A ;  ;0;339;E351_SEPE, E361_SEPE;;No;519;E351_SEPE, E361_SEPE;183;0;0;336;SI;0;0;0;0;0;0;0;0;0;0;0;0;0;0;0;;;;;;;;;;;;;;;;Valor de referencia no acordado en la zona estática. ;;;;;;;
PLAZA II (MONCASI) 220;51443;Aragón;;1;;2;;;405; N/A ; Superación valor máx Icc ;405;1187;E351_SEPE, E361_SEPE;;No;1457;E351_SEPE, E361_SEPE;1162;0;0;0;N/A;0;0;0;0;0;0;0;0;0;0;0;0;0;450;0;;;;;;;;;;;;;;;;Valor de referencia no acordado en la zona estática. ;;;;;;SI;
POBLA 220;50450;Cataluña;;1;;;;;287; N/A ;  ;287;0;N/A;0;No;175;N/A;175;388;0;0;N/A;0;0;0;0;0;0;0;0;0;0;0;0;0;0;0;0;0;0;175;175;Est_Dem_Nudo;Est_Dem_Nudo/Din2_Zona;Est_Dem_Nudo;Est_Alm_Nudo;Est_Alm_Nudo;0;0;0;0;0;;0;0;0;175;175;;
POLA DE GORDON 400;50451;Castilla y León;;;;;;;1.005; N/A ;  ;1.005;1018;E281_SEPE;769;No;1299;E281_SEPE;1168;0;0;0;N/A;76;0;76;0;0;0;0;0;0;76;0;0;0;0;0;0;0;0;0;0;Din1_Zona;Din2_Zona;Din1_Zona;Din1_Zona;Din1_Zona;0;0;0;0;0;;0;0;0;0;0;;
POLIGONO 220;50452;Andalucía;;;;;2;;433; N/A ;  ;433;375;E367_SEPE;;No;511;E367_SEPE;0;933;0;;NO;0;0;0;0;0;30;0;30;0;0;0;0;0;0;0;;;;;;;;;;;;;;;;Valor de referencia no acordado. Valor de referencia no acordado en la zona estática. ;;;;;;;
POLIGONO BALEARES 66;50453;Islas Baleares;;;;;3;;0; N/A ; Superación valor máx Icc y riesgo interacciones ;0;114;N/A;51;Si. Caso b);121;N/A;58;98;0;63;SI;0;0;0;0;0;10;0;10;0;0;0;0;0;0;0;0;0;51;58;58;WSCR_Nudo;Din2_Zona;Est_Dem_Nudo;Est_Alm_Nudo;Est_Alm_Nudo;0;0;0;0;0;;0;0;51;58;58;;
POLIGONO C 220;50454;Comunidad de Madrid;;;;;4;;911; N/A ;  ;911;34;E213_SEPE, E373_SEPE;;No;533;E213_SEPE, E373_SEPE;0;0;0;;NO;0;0;0;0;0;56;0;56;0;0;0;0;0;0;0;;;;;;;;;;;;;;;;Valor de referencia no acordado. Valor de referencia no acordado en la zona estática. ;;;;;;;
POLIGONO GRANADILLA 66;50455;Canarias;;;;;2;;24; N/A ;  ;24;66;E19_SEC;4;Si. Caso b);69;E19_SEC;7;0;0;62;SI;0;0;0;0;0;0;0;0;0;0;0;0;0;0;0;0;0;0;0;0;Din1_Zona;Din2_Zona;Din1_Zona;Din1_Zona;Din1_Zona;0;0;0;0;0;;0;0;0;0;0;;
POLIGONO GUIMAR 66;50456;Canarias;;;;;2;;43; N/A ;  ;43;63;N/A;20;Si. Caso b);75;N/A;32;57;0;43;SI;0;0;0;0;0;10;0;10;0;0;0;0;0;0;0;20;0;20;32;32;Est_Dem_Nudo;Din2_Zona;Est_Dem_Nudo;Est_Alm_Nudo;Est_Alm_Nudo;0;0;0;0;0;;20;0;20;32;32;;
POLLENSA 66;50457;Islas Baleares;;;;;2;;39; N/A ; Riesgo interacciones ;39;55;N/A;10;Si. Caso b);58;N/A;13;0;0;44;SI;0;0;0;0;0;0;0;0;0;0;0;0;0;0;0;0;0;0;0;0;Din1_Zona;Din2_Zona;Din1_Zona;Din1_Zona;Din1_Zona;0;0;0;0;0;;0;0;0;0;0;;
PONT DE SUERT 220;50458;Cataluña;;;;;2;;362; N/A ;  ;362;5;E26_SEPE;0;No;266;E26_SEPE;18;292;0;50;SI;0;0;0;0;0;0;0;0;0;0;0;0;0;0;0;0;0;0;18;18;Est_Dem_Nudo/Est_Dem_Zona;Est_Dem_Nudo/Est_Dem_Zona/Din2_Zona;Est_Dem_Nudo/Est_Dem_Zona;Est_Alm_Zona;Est_Alm_Zona;0;0;0;0;0;;0;0;0;18;18;;
PORIS 220;50748;Canarias;1;1;;;;;27; N/A ;  ;26;123;N/A;122;No;187;N/A;186;0;0;0;N/A;1;1;1;0;0;0;0;0;0;0;1;0;0;0;0;0;0;0;0;0;Din1_Zona;Din2_Zona;Din1_Zona;Din1_Zona;Din1_Zona;0;0;0;0;0;;0;0;0;0;0;;
PORIS 66;50748;Canarias;1;;;;;;0; N/A ;  ;0;86;E10_SEC;86;No;125;E10_SEC;125;56;0;0;N/A;0;0;0;0;0;0;0;0;0;0;0;0;0;0;0;0;0;56;56;56;WSCR_Nudo;WSCR_Nudo/Din2_Zona;Din1_Zona;Din1_Zona;Din1_Zona;0;0;0;0;0;;0;0;56;56;56;;
PORTO COLOM 66;50459;Islas Baleares;;;;;2;;41; N/A ;  ;41;39;N/A;1;Si. Caso b);48;N/A;10;130;0;38;SI;0;0;0;0;0;0;0;0;0;0;0;0;0;0;0;1;0;1;10;10;Est_Dem_Nudo;Din2_Zona;Est_Dem_Nudo;Est_Alm_Nudo;Est_Alm_Nudo;0;0;0;0;0;;1;0;1;10;10;;
PORTODEMOUROS 220;50460;Galicia;3;;;;1;;142; N/A ;  ;142;311;N/A;161;No;604;N/A;454;1300;0;150;SI;0;0;0;0;0;0;0;0;0;0;0;0;0;0;0;142;0;161;454;454;WSCR_Nudo;Din2_Zona;Est_Dem_Nudo;Est_Alm_Nudo;Est_Alm_Nudo;0;0;0;0;0;;142;0;161;454;454;;
POZA DE LA SAL 220;50471;Castilla y León;;;;;;;1; N/A ;  ;1;384;E12_SEPE;314;Si. Caso b);640;E12_SEPE;558;1249;0;0;N/A;0;0;0;0;0;0;0;0;0;0;0;0;0;0;0;1;0;314;558;558;WSCR_Nudo;Din2_Zona;Est_Dem_Zona;Est_Alm_Zona;Est_Alm_Zona;0;0;0;0;0;;1;0;314;558;558;;
PRADA 220;50472;Galicia;2;;;;;;278; N/A ;  ;278;181;E176_SEPE;151;Si. Caso b);248;E176_SEPE;179;1224;0;0;N/A;0;0;0;0;0;50;50;0;0;0;0;0;0;0;70;151;0;151;179;179;Est_Dem_Zona;Din2_Zona;Est_Dem_Zona;Est_Alm_Zona;Est_Alm_Zona;0;0;0;0;0;;151;0;151;179;179;;
PRADILLOS 220;50473;Castilla-La Mancha;;1;;;2;;340; N/A ;  ;265;246;E291_SEPE, E389_SEPE;;No;720;E291_SEPE, E389_SEPE;0;0;0;;NO;76;76;76;0;0;0;0;0;0;0;76;0;0;0;0;;;;;;;;;;;;;;;;Valor de referencia no acordado. Valor de referencia no acordado en la zona estática. ;;;;;;;
PRADO SANTO DOMINGO 220;50474;Comunidad de Madrid;;1;;;3;;662; N/A ;  ;662;102;N/A;;No;249;N/A;88;0;0;;NO;0;0;0;0;0;0;0;0;0;0;0;0;0;74;0;;;;;;;;;;;;;;;;Valor de referencia no acordado. ;;;;;;SI;
PROSPERIDAD 220;UFD-50546;Comunidad de Madrid;;;;;3;;914; N/A ;  ;914;70;E380_SEPE;0;No;74;E380_SEPE;9;0;0;62;SI;0;0;0;0;0;0;0;0;0;0;0;0;0;0;0;0;0;0;0;0;Est_Dem_Zona/Din1_Zona;Est_Dem_Zona/Din2_Zona;Est_Dem_Zona/Din1_Zona;Din1_Zona;Din1_Zona;0;0;0;0;0;;0;0;0;0;0;;
PTE.SAN FERNANDO 220;50475;Comunidad de Madrid;;;;;1;;402; N/A ;  ;402;352;E341_SEPE, E377_SEPE;;Si. Caso b);616;E341_SEPE, E377_SEPE;0;0;0;;NO;0;0;0;0;0;0;0;0;0;0;0;0;0;0;0;;;;;;;;;;;;;;;;Valor de referencia no acordado. Valor de referencia no acordado en la zona estática. ;;;;;;;
PUEBLA DE GUZMAN 400;50476;Andalucía;;;;;;;629; N/A ;  ;629;552;N/A;552;No ;1382;N/A;1382;1026;0;0;N/A;0;0;0;0;0;0;0;0;0;0;0;0;0;0;0;552;0;552;1026;1026;Est_Dem_Nudo;Din2_Zona;Est_Dem_Nudo;Din1_Zona;Din1_Zona;0;0;0;0;0;;552;0;552;1026;1026;;
PUEBLA DE GUZMAN 220;50476;Andalucía;1;;;;;1;3; N/A ;  ;3;196;N/A;0;No;688;N/A;49;602;0;200;SI;0;0;0;0;0;439;439;0;0;0;0;0;0;190;0;0;0;0;49;49;Est_Dem_Nudo;Est_Dem_Nudo/Din2_Zona;Est_Dem_Nudo;Est_Alm_Nudo;Est_Alm_Nudo;0;0;0;0;0;;0;0;0;49;49;;
PUEBLA DE SANABRIA 220;50477;Castilla y León;;;;;;;156; N/A ;  ;156;190;E176_SEPE;151;Si. Caso b);258;E176_SEPE;179;1300;0;0;N/A;0;0;0;0;0;0;0;0;0;0;0;0;0;0;0;151;0;151;179;179;Est_Dem_Zona;Din2_Zona;Est_Dem_Zona;Est_Alm_Zona;Est_Alm_Zona;0;0;0;0;0;;151;0;151;179;179;;
PUENTE BIBEY 220;50478;Galicia;4;;;;;;585; N/A ;  ;585;618;N/A;618;No;912;N/A;841;834;0;0;N/A;0;0;0;0;0;71;71;0;0;0;0;0;0;0;0;585;0;618;834;834;WSCR_Nudo;Din2_Zona;Est_Dem_Nudo;Din1_Zona;Din1_Zona;0;0;0;0;0;;585;0;618;834;834;;
PUENTE PRINCESA 220;UFD-50551;Comunidad de Madrid;;;;;3;;832; N/A ;  ;832;81;E198_SEPE, E375_SEPE;0;No;85;E198_SEPE, E375_SEPE;0;0;0;86;SI;0;0;0;0;0;0;0;0;0;0;0;0;0;0;0;0;0;0;0;0;Est_Dem_Nudo/Est_Dem_Zona/Din1_Zona;Est_Dem_Nudo/Est_Dem_Zona/Din2_Zona;Est_Dem_Nudo/Est_Dem_Zona/Din1_Zona;Est_Alm_Nudo/Est_Alm_Zona/Din1_Zona;Est_Alm_Nudo/Est_Alm_Zona/Din1_Zona;0;0;0;0;0;;0;0;0;0;0;;
PUENTE S.MIGUEL 220;50479;Cantabria;1;;;;2;;430; N/A ;  ;430;459;N/A;217;No;695;N/A;453;794;0;242;SI;0;0;0;0;0;0;0;0;0;0;0;0;0;1;0;217;0;217;453;453;Est_Dem_Nudo;Din2_Zona;Est_Dem_Nudo;Est_Alm_Nudo;Est_Alm_Nudo;0;0;0;0;0;;217;0;217;453;453;;
PUENTELARRA 220;50480;País Vasco;;;;;1;;553; N/A ;  ;553;2;N/A;0;Si. Caso b);1189;N/A;1074;881;0;115;SI;0;0;0;0;0;0;0;0;0;0;0;0;0;0;0;0;0;0;881;881;Est_Dem_Nudo;Est_Dem_Nudo/Din2_Zona;Est_Dem_Nudo;Din1_Zona;Din1_Zona;0;0;0;0;0;;0;0;0;881;881;;
PUENTES G.R. 400;50481;Galicia;7;;;;3;;346; N/A ;  ;346;1863;N/A;1413;No;3370;N/A;2920;383;0;450;SI;0;0;0;0;0;0;0;0;0;0;0;0;0;0;0;346;0;383;383;383;WSCR_Nudo;Din2_Zona;Din1_Zona;Din1_Zona;Din1_Zona;0;0;0;0;0;;346;0;383;383;383;;
PUERTO 220;50482;Galicia;;;;;2;;388; N/A ;  ;388;106;E244_SEPE, E279_SEPE;;No;218;E244_SEPE, E279_SEPE;41;537;0;;NO;0;0;0;0;0;0;0;0;0;0;0;0;0;0;0;;;;;;;;;;;;;;;;Valor de referencia no acordado. Valor de referencia no acordado en la zona estática. ;;;;;;;
PUERTO DE LA CRUZ 400;50483;Andalucía;;;;;;;0; N/A ;  ;0;31;N/A;31;No ;619;N/A;619;817;0;0;N/A;0;0;0;0;0;0;0;0;0;0;0;0;0;0;0;0;0;31;619;619;WSCR_Nudo;WSCR_Nudo/Din2_Zona;Est_Dem_Nudo;Est_Alm_Nudo;Est_Alm_Nudo;0;0;0;0;0;;0;0;31;619;619;;
PUERTO DE LA CRUZ 220;50483;Andalucía;1;;;;;;0; N/A ;  ;0;25;N/A;25;Si. Caso b);605;N/A;339;817;0;0;N/A;0;0;0;0;0;266;266;0;0;0;0;0;0;0;228;0;0;25;339;339;WSCR_Nudo;WSCR_Nudo/Din2_Zona;Est_Dem_Nudo;Est_Alm_Nudo;Est_Alm_Nudo;0;0;0;0;0;;0;0;25;339;339;;
PUERTO DE PALMA 66;51444;Islas Baleares;;;;3;;;121; N/A ; Riesgo interacciones ;121;52;N/A;52;No;55;N/A;55;0;0;0;N/A;0;0;0;0;0;0;0;0;0;0;0;0;0;0;0;0;0;0;0;0;Din1_Zona;Din2_Zona;Din1_Zona;Din1_Zona;Din1_Zona;0;0;0;0;0;;0;0;0;0;0;;
PUERTO DE SANTA MARIA 220;50484;Andalucía;1;;;;2;;128; N/A ;  ;128;363;E406_SEPE;;No;489;E406_SEPE;348;1120;0;;NO;0;0;0;0;0;0;0;0;0;0;0;0;0;0;0;;;;;;;;;;;;;;;;Valor de referencia no acordado. ;;;;;;;
PUERTO DEL ROSARIO 132;50749;Canarias;;;;;;;49; N/A ;  ;49;64;N/A;64;No;90;N/A;90;21;0;0;N/A;0;0;0;0;0;0;0;0;0;0;0;0;0;0;0;21;0;21;21;21;Din1_Zona;Din2_Zona;Din1_Zona;Din1_Zona;Din1_Zona;0;0;0;0;0;;21;0;21;21;21;;
PUERTO DEL ROSARIO 66;50749;Canarias;4;1;;;;;0; N/A ;  ;0;60;N/A;60;No;81;N/A;81;21;0;0;N/A;0;0;0;0;0;0;0;0;0;0;0;0;0;0;0;0;0;21;21;21;WSCR_Nudo;WSCR_Nudo/Din2_Zona;Din1_Zona;Din1_Zona;Din1_Zona;0;0;0;0;0;;0;0;21;21;21;;
PUERTO REAL 220;50485;Andalucía;;;;;5;;175; N/A ; Superación valor máx Icc ;175;388;E406_SEPE;;No ;1122;E406_SEPE;425;1118;0;400;SI;0;0;0;0;0;0;0;0;0;0;0;0;0;0;0;;;;;;;;;;;;;;;;Valor de referencia no acordado en la zona estática. ;;;;;;;
PUERTOLLANO 220;50486;Castilla-La Mancha;;;;;1;1;516; N/A ;  ;516;496;E20_SEPE, E323_SEPE;76;No;1023;E20_SEPE, E323_SEPE;558;1055;0;360;SI;0;0;0;0;0;0;0;0;0;0;0;0;0;0;0;76;0;76;558;558;Est_Dem_Zona;Din2_Zona;Est_Dem_Zona;Est_Alm_Zona;Est_Alm_Zona;0;0;0;0;0;;76;0;76;558;558;;
PUIGPELAT 220;50487;Cataluña;;1;;1;2;1;42; N/A ;  ;42;194;E208_SEPE;;No;306;E208_SEPE;175;0;0;;NO;56;0;56;0;0;0;0;0;0;56;0;0;0;0;701;;;;;;;;;;;;;;;;Valor de referencia no acordado. Valor de referencia no acordado en la zona estática. ;;;;;;SI;
PUJALT 220;50488;Cataluña;1;;;;;;0; N/A ;  ;0;0;E205_SEPE;;No;190;E205_SEPE;0;839;0;0;N/A;0;0;0;0;0;138;138;0;0;0;0;0;0;0;0;;;;;;;;;;;;;;;;Valor de referencia no acordado en la zona estática. ;;;;;;;
PUNTA GRANDE 66;50489;Canarias;12;;2;;3;;48; N/A ;  ;48;112;N/A;36;No;140;N/A;64;21;0;76;SI;0;0;0;0;0;0;0;0;0;0;0;0;0;0;0;21;0;21;21;21;Din1_Zona;Din2_Zona;Din1_Zona;Din1_Zona;Din1_Zona;0;0;0;0;0;;21;0;21;21;21;;
QUART DE POBLET 220;50490;Comunidad Valenciana;;;;;2;;530; N/A ;  ;530;155;E185_SEPE;0;Si. Caso b);386;E185_SEPE;241;1235;0;70;SI;0;0;0;0;0;0;0;0;0;0;0;0;0;0;0;0;0;0;241;241;Est_Dem_Zona;Din2_Zona;Est_Dem_Zona;Est_Alm_Zona;Est_Alm_Zona;0;0;0;0;0;;0;0;0;241;241;;
QUEL 220;50491;La Rioja;1;;;;2;;55; N/A ;  ;55;278;N/A;111;No;505;N/A;333;1080;0;167;SI;0;0;0;0;0;5;5;0;0;0;0;0;0;0;0;55;0;111;333;333;WSCR_Nudo;Din2_Zona;Est_Dem_Nudo;Est_Alm_Nudo;Est_Alm_Nudo;0;0;0;0;0;;55;0;111;333;333;;
QUEREÑO 220;50492;Galicia;2;1;;;;;19; N/A ;  ;19;209;E5_SEPE;209;No;220;E5_SEPE;220;526;0;0;N/A;0;0;0;0;0;0;0;0;0;0;0;0;0;0;185;19;0;209;220;220;WSCR_Nudo;Din2_Zona;Est_Dem_Nudo;Est_Alm_Nudo;Est_Alm_Nudo;0;0;0;0;0;;19;0;209;220;220;;
QUINTANA DE LA SERENA 400;51412;Extremadura;;1;;;;;560; N/A ;  ;560;541;N/A;526;No ;728;N/A;713;1284;0;0;N/A;15;0;15;0;0;0;0;0;0;15;0;0;0;1;0;526;0;526;713;713;Est_Dem_Nudo;Din2_Zona;Est_Dem_Nudo;Est_Alm_Nudo;Est_Alm_Nudo;526;0;526;713;713;Nudo de concurso. ;0;0;0;0;0;SI;
QUINTOS 220;50493;Andalucía;;1;;;2;;380; N/A ;  ;380;204;E192_SEPE;68;No ;345;E192_SEPE;146;861;0;136;SI;0;0;0;0;0;0;0;0;0;0;0;0;0;0;343;68;0;68;146;146;Est_Dem_Nudo;Din2_Zona;Est_Dem_Nudo;Est_Alm_Zona;Est_Alm_Zona;68;0;68;146;146;Nudo de concurso. ;0;0;0;0;0;SI;
RAFAL 66;50494;Islas Baleares;;;;;3;;48; N/A ; Riesgo interacciones ;48;85;N/A;10;No;95;N/A;20;0;0;63;SI;12;0;0;12;12;20;0;20;0;0;0;0;12;0;0;0;0;0;0;0;Din1_Zona;Din2_Zona;Din1_Zona;Din1_Zona;Din1_Zona;0;0;0;0;0;;0;0;0;0;0;;
REGOELLE 220;50752;Galicia;1;;;;;;14; N/A ;  ;14;646;E410_SEPE;140;No;733;E410_SEPE;140;1169;0;0;N/A;0;0;0;0;0;131;131;0;0;0;0;0;0;0;98;14;0;140;140;140;WSCR_Nudo;Din2_Zona;Est_Dem_Zona;Est_Alm_Zona;Est_Alm_Zona;0;0;0;0;0;;14;0;140;140;140;;
RENEDO 220;50495;Castilla y León;;1;;2;3;;331; N/A ;  ;331;314;N/A;;No;561;N/A;231;1167;0;;NO;0;0;0;0;0;0;0;0;0;0;0;0;0;200;0;;;;;;;;;;;;;;;;Valor de referencia no acordado. ;;;;;;SI;
REQUENA 400;50496;Comunidad Valenciana;1;1;;;;;893; N/A ;  ;892;1399;N/A;1329;No;2185;N/A;2115;0;0;0;N/A;70;1;70;0;0;0;0;0;0;69;1;0;0;0;0;0;0;0;0;0;Din1_Zona;Din2_Zona;Din1_Zona;Din1_Zona;Din1_Zona;0;0;0;0;0;;0;0;0;0;0;;
RETAMAR 220;50497;Comunidad de Madrid;;;;;10;;725; N/A ;  ;725;192;E400_SEPE;;No;386;E400_SEPE;0;0;0;;NO;95;0;95;0;0;0;0;0;0;95;0;0;0;0;0;;;;;;;;;;;;;;;;Valor de referencia no acordado. Valor de referencia no acordado en la zona estática. ;;;;;;;
RIBA-ROJA 220;50499;Cataluña;5;;;;1;;0; N/A ;  ;0;3;E29_SEPE;;No;218;E29_SEPE;201;0;0;;NO;0;0;0;0;0;0;0;0;0;0;0;0;0;0;8;;;;;;;;;;;;;;;;Valor de referencia no acordado. ;;;;;;;
RICOBAYO 220;50500;Castilla y León;2;1;;;1;;100; N/A ;  ;99;301;N/A;207;No;388;N/A;293;1116;0;93;SI;1;1;1;0;0;0;0;0;0;0;1;0;0;0;89;99;0;207;293;293;WSCR_Nudo;Din2_Zona;Est_Dem_Nudo;Est_Alm_Nudo;Est_Alm_Nudo;0;0;0;0;0;;99;0;207;293;293;;
RIERA DE CALDES 220;50501;Cataluña;;;;;1;;684; N/A ;  ;684;131;E207_SEPE;;Si. Caso b);470;E207_SEPE;224;0;0;;NO;0;0;0;0;0;0;0;0;0;0;0;0;0;0;0;;;;;;;;;;;;;;;;Valor de referencia no acordado. Valor de referencia no acordado en la zona estática. ;;;;;;;
RIOCAYA (CAMPO MAIOR) 400;51392;Extremadura;;;;1;;;900; N/A ;  ;600;570;E269_SEPE, E327_SEPE;240;No ;1824;E269_SEPE, E327_SEPE;1473;0;0;0;N/A;300;300;300;0;0;0;0;0;0;0;300;0;0;700;0;0;0;0;0;0;Din1_Zona;Din2_Zona;Din1_Zona;Din1_Zona;Din1_Zona;0;0;0;0;0;;0;0;0;0;0;SI;
RIUDARENES 220;50753;Cataluña;;;;;;2;378; N/A ;  ;378;401;E357_SEPE;89;No;868;E357_SEPE;535;0;0;264;SI;49;0;49;0;0;0;0;0;0;49;0;0;0;0;0;0;0;0;0;0;Din1_Zona;Din2_Zona;Din1_Zona;Din1_Zona;Din1_Zona;0;0;0;0;0;;0;0;0;0;0;;
ROBLA 400;50502;Castilla y León;2;;;1;1;;600; N/A ;  ;350;1854;E383_SEPE, E398_SEPE;536;No;2619;E383_SEPE, E398_SEPE;829;0;0;200;SI;250;250;250;0;0;0;0;0;0;0;250;0;0;575;664;0;0;0;0;0;Din1_Zona;Din2_Zona;Din1_Zona;Din1_Zona;Din1_Zona;0;0;0;0;0;;0;0;0;0;0;;
ROCAMORA 400;50503;Comunidad Valenciana;;;;;2;;954; N/A ;  ;954;1192;E401_SEPE;;No ;1697;E401_SEPE;0;823;0;;NO;0;0;0;0;0;1;0;1;0;0;0;0;0;0;0;;;;;;;;;;;;;;;;Valor de referencia no acordado. Valor de referencia no acordado en la zona estática. ;;;;;;;
ROCIO 220;50504;Andalucía;;1;;;2;;218; N/A ;  ;197;335;E189_SEPE;160;No;459;E189_SEPE;204;1010;0;70;SI;21;21;21;0;0;16;16;0;0;0;21;0;0;0;0;160;0;160;204;204;Est_Dem_Zona;Din2_Zona;Est_Dem_Zona;Est_Alm_Zona;Est_Alm_Zona;0;0;0;0;0;;160;0;160;204;204;;
RODA DE ANDALUCIA 400;50505;Andalucía;1;;;;;;218; N/A ;  ;218;1581;N/A;1512;No ;2314;N/A;2244;1008;0;0;N/A;70;0;70;0;0;0;0;0;0;70;0;0;0;0;0;218;0;1008;1008;1008;WSCR_Nudo;Din2_Zona;Din1_Zona;Din1_Zona;Din1_Zona;0;0;0;0;0;;218;0;1008;1008;1008;;
ROJALES 220;50506;Comunidad Valenciana;;1;;;3;;394; N/A ;  ;394;251;E187_SEPE;22;No;616;E187_SEPE;409;1057;0;207;SI;0;0;0;0;0;0;0;0;0;0;0;0;0;0;0;22;0;22;409;409;Est_Dem_Zona;Din2_Zona;Est_Dem_Zona;Est_Alm_Nudo;Est_Alm_Nudo;0;0;0;0;0;;22;0;22;409;409;;
ROMICA 400;50507;Castilla-La Mancha;2;;;;2;;206; N/A ;  ;206;2003;E372_SEPE;1313;No;3470;E372_SEPE;2766;0;0;600;SI;69;0;69;0;0;0;0;0;0;69;0;0;0;0;0;0;0;0;0;0;Din1_Zona;Din2_Zona;Din1_Zona;Din1_Zona;Din1_Zona;0;0;0;0;0;;0;0;0;0;0;;
RONDA 400;51288;Andalucía;;1;;;;;486; N/A ;  ;485;96;N/A;81;No ;1906;N/A;1891;1068;0;0;N/A;15;1;15;0;0;0;0;0;0;14;1;0;0;0;0;81;0;81;1068;1068;Est_Dem_Nudo;Din2_Zona;Est_Dem_Nudo;Din1_Zona;Din1_Zona;0;0;0;0;0;;81;0;81;1068;1068;;
RUBI 400;50508;Cataluña;;1;;;;;346; N/A ;  ;346;595;N/A;595;No;2100;N/A;1921;0;0;0;N/A;0;0;0;0;0;179;179;0;0;0;0;0;0;0;0;0;0;0;0;0;Din1_Zona;Din2_Zona;Din1_Zona;Din1_Zona;Din1_Zona;0;0;0;0;0;;0;0;0;0;0;;
RUBI 220;50508;Cataluña;;1;1;;3;;687; N/A ;  ;687;221;N/A;69;No;840;N/A;688;0;0;152;SI;0;0;0;0;0;0;0;0;0;0;0;0;0;40;0;0;0;0;0;0;Din1_Zona;Din2_Zona;Din1_Zona;Din1_Zona;Din1_Zona;0;0;0;0;0;;0;0;0;0;0;;
RUBIO 220;50509;Cataluña;1;;;;;;16; N/A ;  ;16;0;N/A;0;No;392;N/A;327;561;0;0;N/A;0;0;0;0;0;65;65;0;0;0;0;0;0;0;235;0;0;0;327;327;Est_Dem_Nudo;Est_Dem_Nudo/Din2_Zona;Est_Dem_Nudo;Est_Alm_Nudo;Est_Alm_Nudo;0;0;0;0;0;;0;0;0;327;327;;
RUEDA DE JALON 400;50510;Aragón;;1;;;;;482; N/A ;  ;448;1359;E201_SEPE;1248;No ;1740;E201_SEPE;1695;0;0;0;N/A;45;34;45;0;0;0;0;0;0;12;34;0;0;0;0;0;0;0;0;0;Din1_Zona;Din2_Zona;Din1_Zona;Din1_Zona;Din1_Zona;0;0;0;0;0;;0;0;0;0;0;;
S.AGUSTIN 220;50511;Galicia;2;;;;2;;196; N/A ;  ;196;181;E176_SEPE;151;Si. Caso b);262;E176_SEPE;179;1300;0;30;SI;0;0;0;0;0;0;0;0;0;0;0;0;0;0;150;151;0;151;179;179;Est_Dem_Nudo/Est_Dem_Zona;Din2_Zona;Est_Dem_Nudo/Est_Dem_Zona;Est_Alm_Zona;Est_Alm_Zona;0;0;0;0;0;;151;0;151;179;179;;
SA POBLA 66;50512;Islas Baleares;;;;;2;;35; N/A ; Riesgo interacciones ;35;120;N/A;80;No;136;N/A;96;0;0;40;SI;0;0;0;0;0;9;0;9;0;0;0;0;0;0;0;0;0;0;0;0;Din1_Zona;Din2_Zona;Din1_Zona;Din1_Zona;Din1_Zona;0;0;0;0;0;;0;0;0;0;0;;
SA VINYETA 66;50513;Islas Baleares;;;;;2;;40; N/A ; Riesgo interacciones ;40;50;E21_SEB;;Si. Caso b);54;E21_SEB;0;130;0;;NO;0;0;0;0;0;0;0;0;0;0;0;0;0;0;0;;;;;;;;;;;;;;;;Valor de referencia no acordado. Valor de referencia no acordado en la zona estática. ;;;;;;;
SABINAL 220;50754;Canarias;;;;;;;62; N/A ;  ;62;297;N/A;297;No;335;N/A;335;29;0;0;N/A;0;0;0;0;0;0;0;0;0;0;0;0;0;0;0;29;0;29;29;29;Din1_Zona;Din2_Zona;Din1_Zona;Din1_Zona;Din1_Zona;0;0;0;0;0;;29;0;29;29;29;;
SABINAL 66;50754;Canarias;;;;;;;52; N/A ;  ;52;208;N/A;208;No;239;N/A;239;0;0;0;N/A;0;0;0;0;0;0;0;0;0;0;0;0;0;0;0;0;0;0;0;0;Din1_Zona;Din2_Zona;Din1_Zona;Din1_Zona;Din1_Zona;0;0;0;0;0;;0;0;0;0;0;;
SABIÑANIGO 220;50514;Aragón;;;;;4;;334; N/A ;  ;334;439;E21_SEPE, E333_SEPE;;No;571;E21_SEPE, E333_SEPE;212;929;0;;NO;56;0;56;0;0;0;0;0;0;56;0;0;0;0;0;;;;;;;;;;;;;;;;Valor de referencia no acordado. Valor de referencia no acordado en la zona estática. ;;;;;;;
SABON 220;50515;Galicia;1;;1;;4;;432; N/A ;  ;432;476;E244_SEPE;;No;746;E244_SEPE;41;537;0;;NO;242;0;242;0;0;0;0;0;0;242;0;0;0;191;0;;;;;;;;;;;;;;;;Valor de referencia no acordado. Valor de referencia no acordado en la zona estática. ;;;;;;;
LA SAGRERA 220;50516;Cataluña;;;2;;;;68; N/A ;  ;68;99;E352_SEPE;29;No;472;E352_SEPE;398;0;0;0;N/A;7;0;7;0;0;0;0;0;0;7;0;0;0;0;0;0;0;0;0;0;Din1_Zona;Din2_Zona;Din1_Zona;Din1_Zona;Din1_Zona;0;0;0;0;0;;0;0;0;0;0;;
SAGUNTO 220;50517;Comunidad Valenciana;;;;;2;;311; N/A ;  ;311;255;E183_SEPE, E344_SEPE;;Si. Caso b);407;E183_SEPE, E344_SEPE;0;0;0;;NO;0;0;0;0;0;0;0;0;0;0;0;0;0;0;0;;;;;;;;;;;;;;;;Valor de referencia no acordado. Valor de referencia no acordado en la zona estática. ;;;;;;;
SAGUNTO GIS 220;50518;Comunidad Valenciana;;;;;2;;297; N/A ;  ;297;255;E183_SEPE, E344_SEPE;;No;407;E183_SEPE, E344_SEPE;0;0;0;;NO;0;0;0;0;0;0;0;0;0;0;0;0;0;0;0;;;;;;;;;;;;;;;;Valor de referencia no acordado. Valor de referencia no acordado en la zona estática. ;;;;;;;
SAGUNTUM 400;51432;Comunidad Valenciana;;;;;;;438; N/A ;  ;438;549;E393_SEPE;;No ;1945;E393_SEPE;61;0;0;0;N/A;0;0;0;0;0;0;0;0;0;0;0;0;0;0;0;;;;;;;;;;;;;;;;Valor de referencia no acordado en la zona estática. ;;;;;;;
SAGUNTUM 220;51432;Comunidad Valenciana;;;;4;;1;297; N/A ; Superación valor máx Icc ;297;393;E393_SEPE;;No;1168;E393_SEPE;61;0;0;;NO;420;0;420;0;0;0;0;0;0;420;0;0;0;205;0;;;;;;;;;;;;;;;;Valor de referencia no acordado. Valor de referencia no acordado en la zona estática. ;;;;;;;
SALADAS 220;50519;Comunidad Valenciana;;;;;2;;136; N/A ;  ;136;266;N/A;66;No;913;N/A;713;856;0;200;SI;0;0;0;0;0;0;0;0;0;0;0;0;0;0;0;66;0;66;713;713;Est_Dem_Nudo;Din2_Zona;Est_Dem_Nudo;Est_Alm_Nudo;Est_Alm_Nudo;0;0;0;0;0;;66;0;66;713;713;;
SALAS 400;50520;Principado de Asturias;;1;;;1;;153; N/A ;  ;153;1083;E6_SEPE, E366_SEPE;155;No ;2005;E6_SEPE, E366_SEPE;1419;551;0;300;SI;0;0;0;0;0;0;0;0;0;0;0;0;0;0;0;153;0;155;551;551;WSCR_Nudo;Din2_Zona;Est_Dem_Zona;Din1_Zona;Din1_Zona;0;0;0;0;0;;153;0;155;551;551;;
SALERES 220;50772;Andalucía;;1;;;;2;312; N/A ;  ;312;374;E396_SEPE;;No;617;E396_SEPE;0;908;0;;NO;0;0;0;0;0;357;357;0;0;0;0;0;0;0;0;;;;;;;;;;;;;;;;Valor de referencia no acordado. Valor de referencia no acordado en la zona estática. ;;;;;;;
SALINAS 66;50521;Canarias;11;;;;2;1;18; N/A ;  ;18;68;N/A;8;No;91;N/A;31;21;0;60;SI;0;0;0;0;0;0;0;0;0;0;0;0;0;0;0;8;0;8;21;21;Est_Dem_Nudo;Din2_Zona;Est_Dem_Nudo;Din1_Zona;Din1_Zona;0;0;0;0;0;;8;0;8;21;21;;
SALLENTE 400;50522;Cataluña;4;;;;;;76; N/A ;  ;76;732;N/A;576;No;1022;N/A;576;0;0;0;N/A;0;0;0;0;0;446;446;0;0;0;0;0;0;0;0;0;0;0;0;0;Din1_Zona;Din2_Zona;Din1_Zona;Din1_Zona;Din1_Zona;0;0;0;0;0;;0;0;0;0;0;;
SALTERAS 220;50523;Andalucía;1;;1;;;;293; N/A ;  ;292;71;N/A;0;No;430;N/A;359;956;0;0;N/A;71;1;71;0;0;0;0;0;0;70;1;0;0;0;0;0;0;0;359;359;Est_Dem_Nudo;Est_Dem_Nudo/Din2_Zona;Est_Dem_Nudo;Est_Alm_Nudo;Est_Alm_Nudo;0;0;0;0;0;;0;0;0;359;359;;
SAN AGUSTIN BALEARES 66;50524;Islas Baleares;;;;;2;;74; N/A ; Riesgo interacciones ;74;49;N/A;13;Si. Caso b);52;N/A;15;0;0;36;SI;0;0;0;0;0;18;0;18;0;0;0;0;0;0;0;0;0;0;0;0;Din1_Zona;Din2_Zona;Din1_Zona;Din1_Zona;Din1_Zona;0;0;0;0;0;;0;0;0;0;0;;
SAN AGUSTIN GC 66;50525;Canarias;;;;;2;;52; N/A ;  ;52;51;N/A;11;Si. Caso b);60;N/A;20;34;0;40;SI;0;0;0;0;0;18;0;18;0;0;0;0;0;0;0;11;0;11;20;20;Est_Dem_Nudo;Din2_Zona;Est_Dem_Nudo;Est_Alm_Nudo;Est_Alm_Nudo;0;0;0;0;0;;11;0;11;20;20;;
SAN ANTONIO 66;50526;Islas Baleares;;;;;3;;2; N/A ;  ;2;80;N/A;10;No;89;N/A;19;0;0;70;SI;0;0;0;0;0;0;0;0;0;0;0;0;0;0;0;0;0;0;0;0;Din1_Zona;Din2_Zona;Din1_Zona;Din1_Zona;Din1_Zona;0;0;0;0;0;;0;0;0;0;0;;
SAN BARTOLOME 66;50527;Canarias;;;;;2;;11; N/A ;  ;11;53;E29_SEC;13;Si. Caso b);69;E29_SEC;29;21;0;40;SI;0;0;0;0;0;0;0;0;0;0;0;0;0;0;0;11;0;13;21;21;WSCR_Nudo;Din2_Zona;Est_Dem_Nudo/Est_Dem_Zona;Din1_Zona;Din1_Zona;0;0;0;0;0;;11;0;13;21;21;;
SAN CAYETANO 220;50528;Galicia;;;;;2;;294; N/A ;  ;294;177;N/A;117;No;320;N/A;260;1300;0;60;SI;0;0;0;0;0;0;0;0;0;0;0;0;0;0;0;117;0;117;260;260;Est_Dem_Nudo;Din2_Zona;Est_Dem_Nudo;Est_Alm_Nudo;Est_Alm_Nudo;0;0;0;0;0;;117;0;117;260;260;;
SAN ESTEBAN 220;50529;Galicia;5;;;;;;407; N/A ;  ;407;390;N/A;390;No;619;N/A;619;1274;0;0;N/A;0;0;0;0;0;0;0;0;0;0;0;0;0;0;0;390;0;390;619;619;Est_Dem_Nudo;Din2_Zona;Est_Dem_Nudo;Est_Alm_Nudo;Est_Alm_Nudo;0;0;0;0;0;;390;0;390;619;619;;
SAN FERNANDO 400;50756;Comunidad de Madrid;;1;;;;;1.089; N/A ;  ;866;899;N/A;675;No ;1345;N/A;1122;0;0;0;N/A;224;224;224;0;0;0;0;0;0;0;224;0;0;0;0;0;0;0;0;0;Din1_Zona;Din2_Zona;Din1_Zona;Din1_Zona;Din1_Zona;0;0;0;0;0;;0;0;0;0;0;;
SAN FERNANDO 220;50756;Comunidad de Madrid;;;;;;1;408; N/A ;  ;408;302;E341_SEPE, E377_SEPE;;No;637;E341_SEPE, E377_SEPE;0;0;0;;NO;0;0;0;0;0;0;0;0;0;0;0;0;0;0;0;;;;;;;;;;;;;;;;Valor de referencia no acordado. Valor de referencia no acordado en la zona estática. ;;;;;;;
SAN ISIDRO 66;51314;Canarias;;1;;;;;36; N/A ;  ;36;55;N/A;55;No;66;N/A;66;0;0;0;N/A;0;0;0;0;0;0;0;0;0;0;0;0;0;0;0;0;0;0;0;0;Din1_Zona;Din2_Zona;Din1_Zona;Din1_Zona;Din1_Zona;0;0;0;0;0;;0;0;0;0;0;;
SAN JORGE 132;50530;Islas Baleares;;;;;;;3; N/A ; Riesgo interacciones ;3;54;N/A;54;No;63;N/A;63;0;0;0;N/A;0;0;0;0;0;0;0;0;0;0;0;0;0;0;0;0;0;0;0;0;Din1_Zona;Din2_Zona;Din1_Zona;Din1_Zona;Din1_Zona;0;0;0;0;0;;0;0;0;0;0;;
SAN JORGE 66;50530;Islas Baleares;;;;;2;;2; N/A ;  ;2;69;N/A;29;No;81;N/A;41;0;0;40;SI;0;0;0;0;0;0;0;0;0;0;0;0;0;0;0;0;0;0;0;0;Din1_Zona;Din2_Zona;Din1_Zona;Din1_Zona;Din1_Zona;0;0;0;0;0;;0;0;0;0;0;;
SAN JORGE 30;50530;Islas Baleares;;;;;;;1; N/A ;  ;1;54;N/A;54;No;64;N/A;64;0;0;0;N/A;0;0;0;0;0;0;0;0;0;0;0;0;0;0;0;0;0;0;0;0;Din1_Zona;Din2_Zona;Din1_Zona;Din1_Zona;Din1_Zona;0;0;0;0;0;;0;0;0;0;0;;
SAN JUAN BALEARES 66;50531;Islas Baleares;;;;;3;;12; N/A ; Riesgo interacciones ;12;70;N/A;0;No;94;N/A;24;0;0;55;SI;15;0;15;0;0;0;0;0;0;15;0;0;0;0;0;0;0;0;0;0;Din1_Zona;Din2_Zona;Din1_Zona;Din1_Zona;Din1_Zona;0;0;0;0;0;;0;0;0;0;0;;
SAN MARTIN BALEARES 220;50532;Islas Baleares;;;;;;;85; N/A ; Riesgo interacciones ;85;192;E20_SEB;57;No;313;E20_SEB;57;0;0;0;N/A;0;0;0;0;0;0;0;0;0;0;0;0;0;0;0;0;0;0;0;0;Din1_Zona;Din2_Zona;Din1_Zona;Din1_Zona;Din1_Zona;0;0;0;0;0;;0;0;0;0;0;;
SAN MARTIN BALEARES 66;50532;Islas Baleares;;1;;;2;;0; N/A ; Riesgo interacciones ;0;143;E20_SEB;18;No;162;E20_SEB;18;0;0;16;SI;10;10;0;10;10;128;118;10;0;0;0;0;10;0;0;0;0;0;0;0;WSCR_Nudo/Din1_Zona;WSCR_Nudo/Din2_Zona;Din1_Zona;Din1_Zona;Din1_Zona;0;0;0;0;0;;0;0;0;0;0;;
SAN MATEO 66;50533;Canarias;;;;;2;;47; N/A ;  ;47;74;N/A;47;No;81;N/A;53;0;0;28;SI;0;0;0;0;0;20;0;20;0;0;0;0;0;0;0;0;0;0;0;0;Din1_Zona;Din2_Zona;Din1_Zona;Din1_Zona;Din1_Zona;0;0;0;0;0;;0;0;0;0;0;;
SAN MIGUEL DE SALINAS 220;50534;Comunidad Valenciana;;;;;2;;224; W01_SEPE_BIN ;  ;224;393;E296_SEPE_Bin;209;No;1097;E296_SEPE_Bin;997;802;0;50;SI;0;0;0;0;0;0;0;0;0;0;0;0;0;0;0;209;0;209;802;802;Est_Dem_Zona;Din2_Zona;Est_Dem_Zona;Din1_Zona;Din1_Zona;0;0;0;0;0;;209;0;209;802;802;;
SAN MIGUEL DE SALINAS (SAN MIGUEL DE SALINAS B) 220;50534;Comunidad Valenciana;;;;;;;133; W01_SEPE_BIN ;  ;133;339;E273_SEPE, E296_SEPE_Bin;194;No;1047;E273_SEPE, E296_SEPE_Bin;909;802;0;50;SI;0;0;0;0;0;0;0;0;0;0;0;0;0;0;0;133;0;194;802;802;WSCR_Nudo;Din2_Zona;Est_Dem_Zona;Din1_Zona;Din1_Zona;0;0;0;0;0;;133;0;194;802;802;;
SAN PEDRO 220;50535;Galicia;1;;;;;;360; N/A ;  ;360;281;E174_SEPE;281;Si. Caso b);442;E174_SEPE;442;1274;0;0;N/A;0;0;0;0;0;0;0;0;0;0;0;0;0;0;0;281;0;281;442;442;Est_Dem_Nudo;Din2_Zona;Est_Dem_Nudo;Est_Alm_Nudo;Est_Alm_Nudo;0;0;0;0;0;;281;0;281;442;442;;
SAN PEDRO DEL PINATAR 220;50536;Región de Murcia;;1;;;3;;56; N/A ;  ;56;441;E188_SEPE;17;No;619;E188_SEPE;337;876;0;150;SI;0;0;0;0;0;0;0;0;0;0;0;0;0;0;0;17;0;17;337;337;Est_Dem_Zona;Din2_Zona;Est_Dem_Zona;Est_Alm_Zona;Est_Alm_Zona;0;0;0;0;0;;17;0;17;337;337;;
SAN SERVAN 400;50537;Extremadura;;1;;;;;29; N/A ;  ;29;257;E269_SEPE, E327_SEPE;228;No ;1781;E269_SEPE, E327_SEPE;1473;0;0;0;N/A;30;0;30;0;0;64;64;0;0;30;0;0;0;0;0;0;0;0;0;0;Din1_Zona;Din2_Zona;Din1_Zona;Din1_Zona;Din1_Zona;0;0;0;0;0;;0;0;0;0;0;;
SAN SERVAN 220;50537;Extremadura;;1;;;;;339; N/A ;  ;339;613;N/A;612;No;1088;N/A;990;901;0;0;N/A;1;0;1;0;0;97;97;0;0;1;0;0;0;0;20;339;0;612;901;901;WSCR_Nudo;Din2_Zona;Est_Dem_Nudo;Din1_Zona;Din1_Zona;0;0;0;0;0;;339;0;612;901;901;;
SAN VICENTE 220;50538;Comunidad Valenciana;;;;;2;;393; N/A ;  ;393;262;E259_SEPE;;Si. Caso b);812;E259_SEPE;370;897;0;;NO;0;0;0;0;0;0;0;0;0;0;0;0;0;0;0;;;;;;;;;;;;;;;;Valor de referencia no acordado. Valor de referencia no acordado en la zona estática. ;;;;;;;
SANCHINARRO 220;50539;Comunidad de Madrid;;;;;3;;162; N/A ;  ;162;361;E45_SEPE, E276_SEPE;;No;495;E45_SEPE, E276_SEPE;316;0;0;175;SI;0;0;0;0;0;0;0;0;0;0;0;0;0;0;0;;;;;;;;;;;;;;;;Valor de referencia no acordado en la zona estática. ;;;;;;;
SANCHO LLOP 220;50757;Comunidad Valenciana;;;;;;2;180; N/A ;  ;180;194;E240_SEPE;;No;308;E240_SEPE;78;665;0;75;SI;0;0;0;0;0;0;0;0;0;0;0;0;0;0;0;;;;;;;;;;;;;;;;Valor de referencia no acordado en la zona estática. ;;;;;;;
SANGÜESA 220;50540;Comunidad Foral de Navarra;1;;;1;2;;0; N/A ;  ;0;391;E251_SEPE, E333_SEPE;;No;497;E251_SEPE, E333_SEPE;0;1062;0;106;SI;0;0;0;0;0;0;0;0;0;0;0;0;0;30;0;;;;;;;;;;;;;;;;Valor de referencia no acordado en la zona estática. ;;;;;;;
SANT ANDREU 220;50541;Cataluña;;;;;2;;101; N/A ; Superación valor máx Icc ;101;136;N/A;;Si. Caso b);535;N/A;307;0;0;;NO;0;0;0;0;0;20;0;20;0;0;0;0;0;0;0;;;;;;;;;;;;;;;;Valor de referencia no acordado. ;;;;;;;
SANT BOI 220;50542;Cataluña;;;;;3;;674; N/A ;  ;674;84;E411_SEPE;;No;297;E411_SEPE;0;0;0;;NO;0;0;0;0;0;0;0;0;0;0;0;0;0;0;0;;;;;;;;;;;;;;;;Valor de referencia no acordado. Valor de referencia no acordado en la zona estática. ;;;;;;;
SANT CELONI 220;50543;Cataluña;;;;;3;;392; N/A ;  ;392;307;N/A;;Si. Caso b);622;N/A;238;626;0;;NO;0;0;0;0;0;0;0;0;0;0;0;0;0;0;0;;;;;;;;;;;;;;;;Valor de referencia no acordado. ;;;;;;;
SANT CUGAT 220;50544;Cataluña;;;;;3;;568; N/A ;  ;568;98;N/A;27;No;202;N/A;131;0;0;71;SI;0;0;0;0;0;0;0;0;0;0;0;0;0;0;0;0;0;0;0;0;Din1_Zona;Din2_Zona;Din1_Zona;Din1_Zona;Din1_Zona;0;0;0;0;0;;0;0;0;0;0;;
SANT FOST 220;50545;Cataluña;;;;;4;;679; N/A ;  ;679;211;E207_SEPE;;Si. Caso b);648;E207_SEPE;224;0;0;;NO;0;0;0;0;0;15;0;15;0;0;0;0;0;0;0;;;;;;;;;;;;;;;;Valor de referencia no acordado. Valor de referencia no acordado en la zona estática. ;;;;;;;
SANT JUST 220;50546;Cataluña;;;1;;4;;59; N/A ;  ;59;148;N/A;8;No;224;N/A;84;0;0;140;SI;0;0;0;0;0;0;0;0;0;0;0;0;0;0;0;0;0;0;0;0;Din1_Zona;Din2_Zona;Din1_Zona;Din1_Zona;Din1_Zona;0;0;0;0;0;;0;0;0;0;0;;
SANTA AGUEDA 220;50547;Canarias;;;;;;;111; N/A ;  ;111;265;N/A;265;No;285;N/A;285;43;0;0;N/A;0;0;0;0;0;0;0;0;0;0;0;0;0;0;0;43;0;43;43;43;Din1_Zona;Din2_Zona;Din1_Zona;Din1_Zona;Din1_Zona;0;0;0;0;0;;43;0;43;43;43;;
SANTA AGUEDA 66;50547;Canarias;;3;1;;;;21; N/A ;  ;21;56;E07_SEC;0;No;70;E07_SEC;0;5;0;0;N/A;9;0;9;0;0;23;23;0;0;9;0;0;0;0;0;0;0;0;0;0;Est_Dem_Zona;Est_Dem_Zona/Din2_Zona;Est_Dem_Zona;Est_Alm_Zona;Est_Alm_Zona;0;0;0;0;0;;0;0;0;0;0;;
SANTA CATALINA 66;50548;Islas Baleares;;;;;3;;41; N/A ; Superación valor máx Icc y riesgo interacciones ;41;64;N/A;;No;69;N/A;0;0;0;;NO;0;0;0;0;0;15;0;15;0;0;0;0;0;0;0;;;;;;;;;;;;;;;;Valor de referencia no acordado. ;;;;;;;
SANTA ELVIRA 220;50758;Andalucía;;1;;;5;;34; N/A ;  ;34;192;E42_SEPE;;No;511;E42_SEPE;46;1021;0;;NO;0;0;0;0;0;0;0;0;0;0;0;0;0;0;0;;;;;;;;;;;;;;;;Valor de referencia no acordado. Valor de referencia no acordado en la zona estática. ;;;;;;;
SANTA ENGRACIA 400;50550;La Rioja;2;1;;;;;577; N/A ;  ;518;197;N/A;139;No ;1496;N/A;1437;0;0;0;N/A;59;59;59;0;0;0;0;0;0;0;59;0;0;0;0;0;0;0;0;0;Din1_Zona;Din2_Zona;Din1_Zona;Din1_Zona;Din1_Zona;0;0;0;0;0;;0;0;0;0;0;;
SANTA ENGRACIA 220;50550;La Rioja;;1;;;;;320; N/A ;  ;320;213;E307_SEPE;108;No;660;E307_SEPE;500;1044;0;0;N/A;0;0;0;0;0;40;40;0;0;0;0;0;0;0;0;108;0;108;500;500;Est_Dem_Zona;Din2_Zona;Est_Dem_Zona;Est_Alm_Zona;Est_Alm_Zona;0;0;0;0;0;;108;0;108;500;500;;
SANTA EULALIA 66;50551;Islas Baleares;;;;;3;;2; N/A ;  ;2;87;N/A;24;No;92;N/A;29;0;0;63;SI;0;0;0;0;0;0;0;0;0;0;0;0;0;0;0;0;0;0;0;0;Din1_Zona;Din2_Zona;Din1_Zona;Din1_Zona;Din1_Zona;0;0;0;0;0;;0;0;0;0;0;;
SANTA LLOGAIA 400;50552;Cataluña;;2;;;1;;514; N/A ; Riesgo interacciones ;514;462;N/A;244;No ;1519;N/A;1302;0;0;172;SI;45;0;45;0;0;0;0;0;0;45;0;0;0;0;0;0;0;0;0;0;Din1_Zona;Din2_Zona;Din1_Zona;Din1_Zona;Din1_Zona;0;0;0;0;0;;0;0;0;0;0;;
SANTA MARIA 66;50553;Islas Baleares;;1;;;2;;53; N/A ;  ;53;35;E21_SEB;;No;40;E21_SEB;0;77;0;;NO;0;0;0;0;0;53;36;17;0;0;0;0;0;0;0;;;;;;;;;;;;;;;;Valor de referencia no acordado. Valor de referencia no acordado en la zona estática. ;;;;;;;
SANTA MARIA DE GRADO 400;50554;Principado de Asturias;;;;;1;;921; N/A ;  ;921;880;E366_SEPE;155;No ;1221;E366_SEPE;871;421;0;350;SI;0;0;0;0;0;0;0;0;0;0;0;0;0;0;0;155;0;155;421;421;Est_Dem_Zona;Din2_Zona;Est_Dem_Zona;Din1_Zona;Din1_Zona;0;0;0;0;0;;155;0;155;421;421;;
SANTA MARINA 220;50555;Castilla y León;1;;;;1;;165; N/A ;  ;165;190;N/A;90;Si. Caso b);226;N/A;126;635;0;100;SI;0;0;0;0;0;0;0;0;0;0;0;0;0;0;0;90;0;90;126;126;Est_Dem_Nudo;Din2_Zona;Est_Dem_Nudo;Est_Alm_Nudo;Est_Alm_Nudo;0;0;0;0;0;;90;0;90;126;126;;
SANTA POLA 220;50556;Comunidad Valenciana;;;;;3;;130; N/A ;  ;130;292;E38_SEPE, E259_SEPE;;No;630;E38_SEPE, E259_SEPE;370;856;0;;NO;0;0;0;0;0;0;0;0;0;0;0;0;0;0;0;;;;;;;;;;;;;;;;Valor de referencia no acordado. Valor de referencia no acordado en la zona estática. ;;;;;;;
SANTA PONSA 220;50557;Islas Baleares;;;;;;;11; N/A ; Riesgo interacciones ;11;122;N/A;122;No;189;N/A;189;0;0;0;N/A;0;0;0;0;0;0;0;0;0;0;0;0;0;0;0;0;0;0;0;0;Din1_Zona;Din2_Zona;Din1_Zona;Din1_Zona;Din1_Zona;0;0;0;0;0;;0;0;0;0;0;;
SANTA PONSA 132;50557;Islas Baleares;;;;;;;6; N/A ; Riesgo interacciones ;6;131;N/A;131;No;139;N/A;139;0;0;0;N/A;0;0;0;0;0;0;0;0;0;0;0;0;0;0;0;0;0;0;0;0;Din1_Zona;Din2_Zona;Din1_Zona;Din1_Zona;Din1_Zona;0;0;0;0;0;;0;0;0;0;0;;
SANTA PONSA 66;50557;Islas Baleares;;;;;;;6; N/A ; Riesgo interacciones ;6;91;N/A;91;No;107;N/A;107;0;0;0;N/A;0;0;0;0;0;0;0;0;0;0;0;0;0;0;0;0;0;0;0;0;Din1_Zona;Din2_Zona;Din1_Zona;Din1_Zona;Din1_Zona;0;0;0;0;0;;0;0;0;0;0;;
SANTANYI 66;50558;Islas Baleares;;;;;2;;16; N/A ;  ;16;36;N/A;;Si. Caso b);42;N/A;4;130;0;;NO;0;0;0;0;0;0;0;0;0;0;0;0;0;0;0;;;;;;;;;;;;;;;;Valor de referencia no acordado. ;;;;;;;
SANTIAGO 220;50559;Galicia;2;;;;;;435; N/A ;  ;435;285;E175_SEPE;285;Si. Caso b);392;E175_SEPE;392;1274;0;0;N/A;0;0;0;0;0;0;0;0;0;0;0;0;0;0;0;285;0;285;392;392;Est_Dem_Nudo;Din2_Zona;Est_Dem_Nudo;Est_Alm_Nudo;Est_Alm_Nudo;0;0;0;0;0;;285;0;285;392;392;;
SANTIAGO DE COMPOSTELA 220;50560;Galicia;;1;;;5;;345; N/A ;  ;345;408;N/A;205;No;711;N/A;508;1217;0;120;SI;83;0;83;0;0;0;0;0;0;83;0;0;0;0;0;205;0;205;508;508;Est_Dem_Nudo;Din2_Zona;Est_Dem_Nudo;Est_Alm_Nudo;Est_Alm_Nudo;0;0;0;0;0;;205;0;205;508;508;;
SANTIPONCE 220;50561;Andalucía;;1;;;6;;604; N/A ;  ;604;246;E368_SEPE;;No;406;E368_SEPE;0;1026;0;;NO;0;0;0;0;0;0;0;0;0;0;0;0;0;150;0;;;;;;;;;;;;;;;;Valor de referencia no acordado. Valor de referencia no acordado en la zona estática. ;;;;;;SI;
SANTIZ 220;50562;Castilla y León;1;;;;;;1; N/A ;  ;1;146;E179_SEPE;;No;347;E179_SEPE;37;1293;0;0;N/A;0;0;0;0;0;5;5;0;0;0;0;0;0;0;5;;;;;;;;;;;;;;;;Valor de referencia no acordado en la zona estática. ;;;;;;;
SANTURCE 400;50563;País Vasco;;;;;;;1.014; N/A ;  ;1.014;1195;E391_SEPE;777;Si. Caso b);1646;E391_SEPE;1646;106;0;0;N/A;0;0;0;0;0;0;0;0;0;0;0;0;0;0;0;106;0;106;106;106;Din1_Zona;Din2_Zona;Din1_Zona;Din1_Zona;Din1_Zona;0;0;0;0;0;;106;0;106;106;106;;
SANTURCE 220;50563;País Vasco;1;;;;2;;516; N/A ;  ;516;413;E359_SEPE, E391_SEPE;60;Si. Caso b);673;E359_SEPE, E391_SEPE;60;431;0;89;SI;0;0;0;0;0;330;330;0;0;0;0;0;0;0;75;60;0;60;60;60;Est_Dem_Zona;Din2_Zona;Est_Dem_Zona;Est_Alm_Zona;Est_Alm_Zona;0;0;0;0;0;;60;0;60;60;60;;
SAUCELLE 220;50564;Castilla y León;4;;;;1;1;448; N/A ;  ;448;153;N/A;109;No;333;N/A;289;1298;0;44;SI;0;0;0;0;0;0;0;0;0;0;0;0;0;0;0;109;0;109;289;289;Est_Dem_Nudo;Din2_Zona;Est_Dem_Nudo;Est_Alm_Nudo;Est_Alm_Nudo;0;0;0;0;0;;109;0;109;289;289;;
SAX 400;50565;Comunidad Valenciana;;1;;;;;617; N/A ;  ;573;1003;E401_SEPE;;No ;1489;E401_SEPE;0;690;0;0;N/A;112;44;112;0;0;76;76;0;0;68;44;0;0;0;0;;;;;;;;;;;;;;;;Valor de referencia no acordado en la zona estática. ;;;;;;;
SEGORBE 220;50566;Comunidad Valenciana;1;;;;2;;31; N/A ;  ;31;236;E35_SEPE, E183_SEPE;;No;408;E35_SEPE, E183_SEPE;0;1032;0;;NO;31;0;31;0;0;0;0;0;0;31;0;0;0;0;100;;;;;;;;;;;;;;;;Valor de referencia no acordado. Valor de referencia no acordado en la zona estática. ;;;;;;;
SEGOVIA 400;50567;Castilla y León;;1;;;;;548; N/A ;  ;523;633;N/A;534;No ;2100;N/A;2000;0;0;0;N/A;100;25;100;0;0;0;0;0;0;75;25;0;0;0;0;0;0;0;0;0;Din1_Zona;Din2_Zona;Din1_Zona;Din1_Zona;Din1_Zona;0;0;0;0;0;;0;0;0;0;0;;
SENTMENAT 400;50568;Cataluña;;;;;;;212; N/A ;  ;212;579;N/A;579;No;2512;N/A;2512;0;0;0;N/A;0;0;0;0;0;0;0;0;0;0;0;0;0;0;0;0;0;0;0;0;Din1_Zona;Din2_Zona;Din1_Zona;Din1_Zona;Din1_Zona;0;0;0;0;0;;0;0;0;0;0;;
SENTMENAT 220;50568;Cataluña;;;;;2;;780; N/A ;  ;780;377;N/A;270;No;1621;N/A;1514;0;0;107;SI;0;0;0;0;0;14;0;14;0;0;0;0;0;0;0;0;0;0;0;0;Din1_Zona;Din2_Zona;Din1_Zona;Din1_Zona;Din1_Zona;0;0;0;0;0;;0;0;0;0;0;;
SERNA 400;50569;Comunidad Foral de Navarra;1;1;;;;;684; N/A ;  ;644;4148;N/A;4107;No ;4366;N/A;4325;0;0;0;N/A;41;41;41;0;0;0;0;0;0;0;41;0;0;0;0;0;0;0;0;0;Din1_Zona;Din2_Zona;Din1_Zona;Din1_Zona;Din1_Zona;0;0;0;0;0;;0;0;0;0;0;;
SERNA 220;50569;Comunidad Foral de Navarra;2;;;;1;1;219; N/A ; Superación valor máx Icc ;219;622;N/A;427;No;1017;N/A;808;0;0;195;SI;0;0;0;0;0;14;14;0;0;0;0;0;0;0;0;0;0;0;0;0;Din1_Zona;Din2_Zona;Din1_Zona;Din1_Zona;Din1_Zona;0;0;0;0;0;;0;0;0;0;0;;
SES VELES 66;50570;Islas Baleares;;;;;2;;6; N/A ; Riesgo interacciones ;6;65;N/A;25;No;73;N/A;33;98;0;40;SI;0;0;0;0;0;0;0;0;0;0;0;0;0;0;0;6;0;25;33;33;WSCR_Nudo;Din2_Zona;Est_Dem_Nudo;Est_Alm_Nudo;Est_Alm_Nudo;0;0;0;0;0;;6;0;25;33;33;;
SESUE 220;50571;Aragón;2;;;;;;92; N/A ;  ;92;0;E271_SEPE;;Si. Caso b);337;E271_SEPE;159;331;0;0;N/A;0;0;0;0;0;160;160;0;0;0;0;0;0;0;0;;;;;;;;;;;;;;;;Valor de referencia no acordado en la zona estática. ;;;;;;;
SIDEGASA 220;50572;Galicia;;;;;3;;212; N/A ;  ;212;219;E2_SEPE;69;Si. Caso b);317;E2_SEPE;167;537;0;150;SI;0;0;0;0;0;0;0;0;0;0;0;0;0;0;0;69;0;69;167;167;Est_Dem_Nudo;Din2_Zona;Est_Dem_Nudo;Est_Alm_Nudo;Est_Alm_Nudo;0;0;0;0;0;;69;0;69;167;167;;
SIDENOR 220;50573;País Vasco;;;3;;;;590; N/A ;  ;590;240;E282_SEPE;0;Si. Caso b);328;E282_SEPE;178;706;0;0;N/A;150;0;150;0;0;0;0;0;0;150;0;0;0;0;0;0;0;0;178;178;Est_Dem_Zona;Est_Dem_Zona/Din2_Zona;Est_Dem_Zona;Est_Alm_Nudo;Est_Alm_Nudo;0;0;0;0;0;;0;0;0;178;178;;
SIERO 220;50574;Principado de Asturias;;;;;3;;427; N/A ;  ;427;502;E320_SEPE;238;No;612;E320_SEPE;364;694;0;248;SI;0;0;0;0;0;356;0;356;0;0;0;0;0;0;0;238;0;238;364;364;Est_Dem_Zona;Din2_Zona;Est_Dem_Zona;Est_Alm_Nudo;Est_Alm_Nudo;0;0;0;0;0;;238;0;238;364;364;;
SILLEDA 400;50575;Galicia;;1;;;;;542; N/A ;  ;542;1444;E306_SEPE;1367;No ;2132;E306_SEPE;2087;1229;0;0;N/A;45;0;45;0;0;0;0;0;0;45;0;0;0;0;0;542;0;1229;1229;1229;WSCR_Nudo;Din2_Zona;Din1_Zona;Din1_Zona;Din1_Zona;0;0;0;0;0;;542;0;1229;1229;1229;;
SIMANCAS 220;UFD-50660;Comunidad de Madrid;;;;;3;;869; N/A ;  ;869;54;E382_SEPE;;No;57;E382_SEPE;0;0;0;;NO;0;0;0;0;0;0;0;0;0;0;0;0;0;0;0;;;;;;;;;;;;;;;;Valor de referencia no acordado. Valor de referencia no acordado en la zona estática. ;;;;;;;
SOBRADELO 220;50576;Galicia;1;;;;;;419; N/A ;  ;419;251;E175_SEPE;251;Si. Caso b);467;E175_SEPE;448;1274;0;0;N/A;0;0;0;0;0;0;0;0;0;0;0;0;0;0;0;251;0;251;448;448;Est_Dem_Nudo;Din2_Zona;Est_Dem_Nudo;Est_Alm_Zona;Est_Alm_Zona;0;0;0;0;0;;251;0;251;448;448;;
SOLLER 66;VS-7061;Islas Baleares;;;;;3;;35; N/A ;  ;35;44;E14_SEB;0;No;47;E14_SEB;0;98;0;25;SI;0;0;0;0;0;0;0;0;0;0;0;0;0;0;0;0;0;0;0;0;Est_Dem_Zona;Est_Dem_Zona/Din2_Zona;Est_Dem_Zona;Est_Alm_Zona;Est_Alm_Zona;0;0;0;0;0;;0;0;0;0;0;;
SOLORZANO 400;50577;Cantabria;;;;;;;278; N/A ;  ;278;1175;N/A;1175;Si. Caso b);1757;N/A;1757;522;0;0;N/A;0;0;0;0;0;0;0;0;0;0;0;0;0;0;0;278;0;522;522;522;WSCR_Nudo;Din2_Zona;Din1_Zona;Din1_Zona;Din1_Zona;0;0;0;0;0;;278;0;522;522;522;;
SOLORZANO 220;50577;Cantabria;;1;;;;;54; N/A ;  ;54;780;E8_SEPE;275;No;825;E8_SEPE;563;522;0;0;N/A;0;0;0;0;0;100;100;0;0;0;0;0;0;0;25;54;0;275;522;522;WSCR_Nudo;Din2_Zona;Est_Dem_Zona;Din1_Zona;Din1_Zona;0;0;0;0;0;;54;0;275;522;522;;
SON MOIX 220;50760;Islas Baleares;;;;;;;21; N/A ; Riesgo interacciones ;21;122;N/A;122;No;189;N/A;189;0;0;0;N/A;0;0;0;0;0;0;0;0;0;0;0;0;0;0;0;0;0;0;0;0;Din1_Zona;Din2_Zona;Din1_Zona;Din1_Zona;Din1_Zona;0;0;0;0;0;;0;0;0;0;0;;
SON MOIX 66;50760;Islas Baleares;;;;;;;58; N/A ; Riesgo interacciones ;58;67;N/A;67;No;95;N/A;95;0;0;0;N/A;0;0;0;0;0;0;0;0;0;0;0;0;0;0;0;0;0;0;0;0;Din1_Zona;Din2_Zona;Din1_Zona;Din1_Zona;Din1_Zona;0;0;0;0;0;;0;0;0;0;0;;
SON OMS 66;50578;Islas Baleares;;;;;2;;101; N/A ; Riesgo interacciones ;101;30;N/A;;No;56;N/A;16;0;0;;NO;0;0;0;0;0;20;0;20;0;0;0;0;0;0;0;;;;;;;;;;;;;;;;Valor de referencia no acordado. ;;;;;;;
SON ORLANDIS 220;50579;Islas Baleares;;;;;;;236; N/A ; Riesgo interacciones ;236;368;N/A;368;No;453;N/A;453;0;0;0;N/A;0;0;0;0;0;0;0;0;0;0;0;0;0;0;0;0;0;0;0;0;Din1_Zona;Din2_Zona;Din1_Zona;Din1_Zona;Din1_Zona;0;0;0;0;0;;0;0;0;0;0;;
SON ORLANDIS 66;50579;Islas Baleares;;1;;;;;126; N/A ; Riesgo interacciones ;126;192;N/A;192;No;249;N/A;240;121;0;0;N/A;0;0;0;0;0;9;9;0;0;0;0;0;0;0;0;121;0;121;121;121;Din1_Zona;Din2_Zona;Din1_Zona;Din1_Zona;Din1_Zona;0;0;0;0;0;;121;0;121;121;121;;
SON PARDO 66;50761;Islas Baleares;;;;;;1;149; N/A ; Riesgo interacciones ;149;116;N/A;63;No;63;N/A;63;0;0;0;N/A;0;0;0;0;0;0;0;0;0;0;0;0;0;0;0;0;0;0;0;0;Din1_Zona;Din2_Zona;Din1_Zona;Din1_Zona;Din1_Zona;0;0;0;0;0;;0;0;0;0;0;;
SON REUS 220;50580;Islas Baleares;9;;;;;;4; N/A ; Riesgo interacciones ;4;116;N/A;116;No;185;N/A;123;0;0;0;N/A;0;0;0;0;0;62;62;0;0;0;0;0;0;0;0;0;0;0;0;0;Din1_Zona;Din2_Zona;Din1_Zona;Din1_Zona;Din1_Zona;0;0;0;0;0;;0;0;0;0;0;;
SON REUS 66;50580;Islas Baleares;2;1;;;;;0; N/A ; Riesgo interacciones ;0;122;N/A;116;No;150;N/A;144;98;0;0;N/A;6;0;6;0;0;0;0;0;0;6;0;0;0;0;0;0;0;98;98;98;WSCR_Nudo;WSCR_Nudo/Din2_Zona;Din1_Zona;Din1_Zona;Din1_Zona;0;0;0;0;0;;0;0;98;98;98;;
SOTO DE RIBERA 400;50581;Principado de Asturias;3;;;;;;777; N/A ;  ;777;1072;E366_SEPE;155;Si. Caso b);2535;E366_SEPE;1419;100;0;0;N/A;0;0;0;0;0;0;0;0;0;0;0;0;0;600;0;100;0;100;100;100;Din1_Zona;Din2_Zona;Din1_Zona;Din1_Zona;Din1_Zona;0;0;0;0;0;;100;0;100;100;100;;
SOTO DE RIBERA 220;50581;Principado de Asturias;;;;;1;;28; N/A ;  ;28;421;N/A;71;No;1057;N/A;707;920;0;350;SI;0;0;0;0;0;0;0;0;0;0;0;0;0;0;0;28;0;71;707;707;WSCR_Nudo;Din2_Zona;Est_Dem_Nudo;Est_Alm_Nudo;Est_Alm_Nudo;0;0;0;0;0;;28;0;71;707;707;;
SS.REYES 400;50582;Comunidad de Madrid;;1;;;;;1.613; N/A ;  ;1.613;597;N/A;597;No ;1582;N/A;1582;0;0;0;N/A;0;0;0;0;0;0;0;0;0;0;0;0;0;0;0;0;0;0;0;0;Din1_Zona;Din2_Zona;Din1_Zona;Din1_Zona;Din1_Zona;0;0;0;0;0;;0;0;0;0;0;;
SS.REYES 220;50582;Comunidad de Madrid;;1;;;;;830; W13_SEPE_BIN ;  ;830;0;E162_SEPE_Bin;0;No ;0;E162_SEPE_Bin;0;0;0;0;N/A;0;0;0;0;0;0;0;0;0;0;0;0;0;0;0;0;0;0;0;0;Est_Dem_Nudo/Est_Dem_Zona/Din1_Zona;Est_Dem_Nudo/Est_Dem_Zona/Din2_Zona;Est_Dem_Nudo/Est_Dem_Zona/Din1_Zona;Est_Alm_Nudo/Est_Alm_Zona/Din1_Zona;Est_Alm_Nudo/Est_Alm_Zona/Din1_Zona;0;0;0;0;0;;0;0;0;0;0;;
SS.REYES (SS.REYES B) 220;50582;Comunidad de Madrid;;;;;;;785; W13_SEPE_BIN ;  ;785;290;E162_SEPE_Bin, E376_SEPE;;Si. Caso a);936;E162_SEPE_Bin, E376_SEPE;0;0;0;0;N/A;0;0;0;0;0;0;0;0;0;0;0;0;0;0;0;;;;;;;;;;;;;;;;Valor de referencia no acordado en la zona estática. ;;;;;;;
SUBIRATS 220;50583;Cataluña;;;;;2;;402; N/A ;  ;402;108;N/A;31;No;551;N/A;474;0;0;77;SI;0;0;0;0;0;0;0;0;0;0;0;0;0;0;0;0;0;0;0;0;Din1_Zona;Din2_Zona;Din1_Zona;Din1_Zona;Din1_Zona;0;0;0;0;0;;0;0;0;0;0;;
SUIDO 220;50584;Galicia;3;;;;;;240; N/A ;  ;240;133;E328_SEPE;133;Si. Caso b);680;E328_SEPE;680;1274;0;0;N/A;0;0;0;0;0;0;0;0;0;0;0;0;0;0;0;133;0;133;680;680;Est_Dem_Nudo;Din2_Zona;Est_Dem_Nudo;Est_Alm_Nudo;Est_Alm_Nudo;0;0;0;0;0;;133;0;133;680;680;;
TABARA 400;50762;Castilla y León;;1;;;;;460; N/A ;  ;434;970;N/A;922;No ;2014;N/A;1967;444;0;0;N/A;47;26;47;0;0;0;0;0;0;21;26;0;0;0;0;434;0;444;444;444;WSCR_Nudo;Din2_Zona;Din1_Zona;Din1_Zona;Din1_Zona;0;0;0;0;0;;434;0;444;444;444;;
TABERNAS 400;50585;Andalucía;1;;;;;;124; N/A ;  ;124;1772;N/A;1744;No ;2149;N/A;2101;814;0;0;N/A;28;0;28;0;0;20;20;0;0;28;0;0;0;0;0;124;0;814;814;814;WSCR_Nudo;Din2_Zona;Din1_Zona;Din1_Zona;Din1_Zona;0;0;0;0;0;;124;0;814;814;814;;
TABERNAS 220;50585;Andalucía;1;;;;;;204; N/A ;  ;181;452;N/A;430;No;882;N/A;860;908;0;0;N/A;23;23;23;0;0;0;0;0;0;0;23;0;0;0;0;181;0;430;860;860;WSCR_Nudo;Din2_Zona;Est_Dem_Nudo;Est_Alm_Nudo;Est_Alm_Nudo;0;0;0;0;0;;181;0;430;860;860;;
TABESCAN 220;50586;Cataluña;2;;;;;;88; N/A ;  ;88;0;E30_SEPE, E209_SEPE;;Si. Caso b);183;E30_SEPE, E209_SEPE;0;889;0;0;N/A;0;0;0;0;0;0;0;0;0;0;0;0;0;0;0;;;;;;;;;;;;;;;;Valor de referencia no acordado en la zona estática. ;;;;;;;
TABIELLA 220;50587;Principado de Asturias;;;7;;6;;328; N/A ;  ;328;469;E321_SEPE, E365_SEPE;;No;907;E321_SEPE, E365_SEPE;0;164;0;;NO;691;0;691;0;0;195;0;195;0;691;0;0;0;0;0;;;;;;;;;;;;;;;;Valor de referencia no acordado. Valor de referencia no acordado en la zona estática. ;;;;;;;
TACORONTE 66;50588;Canarias;;;;;2;;29; N/A ;  ;29;72;N/A;28;Si. Caso b);76;N/A;32;61;0;44;SI;0;0;0;0;0;8;0;8;0;0;0;0;0;0;0;28;0;28;32;32;Est_Dem_Nudo;Din2_Zona;Est_Dem_Nudo;Est_Alm_Nudo;Est_Alm_Nudo;0;0;0;0;0;;28;0;28;32;32;;
TAFALLA 220;50589;Comunidad Foral de Navarra;1;1;;;2;;64; N/A ;  ;64;503;E196_SEPE, E251_SEPE;;No;641;E196_SEPE, E251_SEPE;0;1085;0;;NO;0;0;0;0;0;0;0;0;0;0;0;0;0;0;542;;;;;;;;;;;;;;;;Valor de referencia no acordado. Valor de referencia no acordado en la zona estática. ;;;;;;;
TAGORO 66;50590;Canarias;1;1;;;;;29; N/A ;  ;29;94;E10_SEC;94;No;114;E10_SEC;114;14;0;0;N/A;0;0;0;0;0;0;0;0;0;0;0;0;0;0;0;14;0;14;14;14;Din1_Zona;Din2_Zona;Din1_Zona;Din1_Zona;Din1_Zona;0;0;0;0;0;;14;0;14;14;14;;
TAJO ENCANTADA 400;50591;Andalucía;;1;;;;;750; N/A ;  ;749;123;N/A;122;No ;1801;N/A;1800;720;0;0;N/A;1;1;1;0;0;0;0;0;0;0;1;0;0;0;0;122;0;122;720;720;Est_Dem_Nudo;Din2_Zona;Est_Dem_Nudo;Din1_Zona;Din1_Zona;0;0;0;0;0;;122;0;122;720;720;;
TAJO ENCANTADA 220;50591;Andalucía;5;;;;;;66; N/A ;  ;66;358;E367_SEPE;;No ;1219;E367_SEPE;0;617;0;0;N/A;0;0;0;0;0;481;481;0;0;0;0;0;0;30;261;;;;;;;;;;;;;;;;Valor de referencia no acordado en la zona estática. ;;;;;;SI;
TALAVERA 220;50592;Castilla-La Mancha;;;;;2;;290; N/A ;  ;290;351;E369_SEPE;;No ;680;E369_SEPE;337;825;0;;NO;0;0;0;0;0;0;0;0;0;0;0;0;0;0;0;;;;;;;;;;;;;;;;Valor de referencia no acordado. ;;;;;;;
TAMBRE 220;50593;Galicia;;;;;1;;146; N/A ;  ;146;247;E3_SEPE, E330_SEPE;0;No;323;E3_SEPE, E330_SEPE;76;1250;0;247;SI;0;0;0;0;0;0;0;0;0;0;0;0;0;0;0;0;0;0;76;76;Est_Dem_Nudo;Est_Dem_Nudo/Din2_Zona;Est_Dem_Nudo;Est_Alm_Nudo;Est_Alm_Nudo;0;0;0;0;0;;0;0;0;76;76;;
TANGER CATALUÑA 220;50594;Cataluña;;;;;4;;67; N/A ;  ;67;113;E289_SEPE, E405_SEPE;;No;413;E289_SEPE, E405_SEPE;178;0;0;;NO;0;0;0;0;0;0;0;0;0;0;0;0;0;0;0;;;;;;;;;;;;;;;;Valor de referencia no acordado. Valor de referencia no acordado en la zona estática. ;;;;;;;
TARRAGONA 220;50595;Cataluña;2;;1;;4;;260; N/A ;  ;260;706;E27_SEPE, E364_SEPE;;No;761;E27_SEPE, E364_SEPE;138;0;0;;NO;50;0;50;0;0;0;0;0;0;50;0;0;0;100;0;;;;;;;;;;;;;;;;Valor de referencia no acordado. Valor de referencia no acordado en la zona estática. ;;;;;;;
TELDE 66;50596;Canarias;;1;;;2;;46; N/A ;  ;46;33;N/A;;Si. Caso b);56;N/A;1;19;0;;NO;28;0;28;0;0;0;0;0;0;28;0;0;0;0;0;;;;;;;;;;;;;;;;Valor de referencia no acordado. ;;;;;;;
TELLEDO 220;50597;Principado de Asturias;;;;;1;;200; N/A ;  ;200;238;E177_SEPE;73;No;349;E177_SEPE;203;1285;0;65;SI;0;0;0;0;0;15;0;15;0;0;0;0;0;0;0;73;0;73;203;203;Est_Dem_Zona;Din2_Zona;Est_Dem_Zona;Est_Alm_Zona;Est_Alm_Zona;0;0;0;0;0;;73;0;73;203;203;;
TERRER 400;50598;Aragón;;1;;;;;438; N/A ;  ;337;1397;N/A;1262;No ;2084;N/A;1861;0;0;0;N/A;134;100;134;0;0;89;89;0;0;34;100;0;0;0;0;0;0;0;0;0;Din1_Zona;Din2_Zona;Din1_Zona;Din1_Zona;Din1_Zona;0;0;0;0;0;;0;0;0;0;0;;
TIAS 132;50764;Canarias;;;;;;;48; N/A ;  ;48;63;N/A;63;No;87;N/A;87;21;0;0;N/A;0;0;0;0;0;0;0;0;0;0;0;0;0;0;0;21;0;21;21;21;Din1_Zona;Din2_Zona;Din1_Zona;Din1_Zona;Din1_Zona;0;0;0;0;0;;21;0;21;21;21;;
TIAS 66;50764;Canarias;;;;;;;29; N/A ;  ;29;63;N/A;63;No;87;N/A;87;21;0;0;N/A;0;0;0;0;0;0;0;0;0;0;0;0;0;0;0;21;0;21;21;21;Din1_Zona;Din2_Zona;Din1_Zona;Din1_Zona;Din1_Zona;0;0;0;0;0;;21;0;21;21;21;;
TIBO 220;50600;Galicia;;1;;;3;;252; N/A ;  ;252;369;E245_SEPE;;No;750;E245_SEPE;525;1300;0;225;SI;0;0;0;0;0;0;0;0;0;0;0;0;0;0;150;;;;;;;;;;;;;;;;Valor de referencia no acordado en la zona estática. ;;;;;;;
TIERRA DE CAMPOS 400;52067;Castilla y León;;1;;;;;700; N/A ;  ;700;1103;N/A;1103;No ;1533;N/A;1533;346;0;0;N/A;0;0;0;0;0;0;0;0;0;0;0;0;0;49;0;346;0;346;346;346;Din1_Zona;Din2_Zona;Din1_Zona;Din1_Zona;Din1_Zona;346;0;346;346;346;Nudo de concurso. ;0;0;0;0;0;SI;
TIERRA ESTELLA 220;52080;Comunidad Foral de Navarra;;;;;;1;82; N/A ;  ;82;167;E251_SEPE, E270_SEPE;;No;642;E251_SEPE, E270_SEPE;0;847;0;68;SI;0;0;0;0;0;0;0;0;0;0;0;0;0;0;0;;;;;;;;;;;;;;;;Valor de referencia no acordado en la zona estática. ;;;;;;;
TOMEZA 220;50765;Galicia;;1;;;;1;111; N/A ;  ;111;84;E4_SEPE, E245_SEPE;;No;383;E4_SEPE, E245_SEPE;254;1283;0;;NO;17;0;17;0;0;0;0;0;0;17;0;0;0;0;50;;;;;;;;;;;;;;;;Valor de referencia no acordado. Valor de referencia no acordado en la zona estática. ;;;;;;;
TORDESILLAS 400;50601;Castilla y León;;1;;;;;884; N/A ;  ;884;1624;N/A;1624;No;3226;N/A;3226;0;0;0;N/A;0;0;0;0;0;0;0;0;0;0;0;0;0;0;0;0;0;0;0;0;Din1_Zona;Din2_Zona;Din1_Zona;Din1_Zona;Din1_Zona;0;0;0;0;0;;0;0;0;0;0;;
TORDESILLAS 220;50601;Castilla y León;1;;;;2;;32; N/A ;  ;32;348;E15_SEPE, E409_SEPE;;No;529;E15_SEPE, E409_SEPE;0;1123;0;;NO;0;0;0;0;0;0;0;0;0;0;0;0;0;101;28;;;;;;;;;;;;;;;;Valor de referencia no acordado. Valor de referencia no acordado en la zona estática. ;;;;;;SI;
TORREARENILLAS 220;50602;Andalucía;;;;;3;;499; N/A ;  ;499;461;E392_SEPE;;No ;807;E392_SEPE;163;1026;0;;NO;0;0;0;0;0;0;0;0;0;0;0;0;0;0;0;;;;;;;;;;;;;;;;Valor de referencia no acordado. Valor de referencia no acordado en la zona estática. ;;;;;;;
TORREJON 220;50603;Extremadura;4;;;;;;295; N/A ;  ;295;162;N/A;108;Si. Caso b);238;N/A;108;940;0;0;N/A;0;0;0;0;0;130;130;0;0;0;0;0;0;0;0;108;0;108;108;108;Est_Dem_Nudo;Din2_Zona;Est_Dem_Nudo;Est_Alm_Nudo;Est_Alm_Nudo;0;0;0;0;0;;108;0;108;108;108;;
TORREJON DE VELASCO 400;50766;Comunidad de Madrid;;2;;;;;1.087; N/A ;  ;982;102;N/A;0;No;978;N/A;832;0;0;0;N/A;124;105;124;0;0;22;22;0;0;19;105;0;0;0;0;0;0;0;0;0;Est_Dem_Nudo/Din1_Zona;Est_Dem_Nudo/Din2_Zona;Est_Dem_Nudo/Din1_Zona;Din1_Zona;Din1_Zona;0;0;0;0;0;;0;0;0;0;0;;
TORRELLANO 220;50604;Comunidad Valenciana;;1;;;;;169; N/A ;  ;169;250;E38_SEPE, E259_SEPE;;No;902;E38_SEPE, E259_SEPE;370;856;0;0;N/A;41;0;41;0;0;0;0;0;0;41;0;0;0;0;0;;;;;;;;;;;;;;;;Valor de referencia no acordado en la zona estática. ;;;;;;;
TORREMENDO 400;50767;Comunidad Valenciana;;1;;;;;781; N/A ;  ;781;1226;N/A;1226;No ;1648;N/A;1648;844;0;0;N/A;0;0;0;0;0;0;0;0;0;0;0;0;0;0;0;781;0;844;844;844;WSCR_Nudo;Din2_Zona;Din1_Zona;Din1_Zona;Din1_Zona;0;0;0;0;0;;781;0;844;844;844;;
TORRENT 132;50605;Islas Baleares;;;;;;;4; N/A ; Riesgo interacciones ;4;54;N/A;54;No;63;N/A;63;0;0;0;N/A;0;0;0;0;0;0;0;0;0;0;0;0;0;0;0;0;0;0;0;0;Din1_Zona;Din2_Zona;Din1_Zona;Din1_Zona;Din1_Zona;0;0;0;0;0;;0;0;0;0;0;;
TORRENT 66;50605;Islas Baleares;;;;;2;;3; N/A ; Riesgo interacciones ;3;71;N/A;39;No;82;N/A;51;0;0;32;SI;0;0;0;0;0;0;0;0;0;0;0;0;0;0;0;0;0;0;0;0;Din1_Zona;Din2_Zona;Din1_Zona;Din1_Zona;Din1_Zona;0;0;0;0;0;;0;0;0;0;0;;
TORRENTE 400;50606;Comunidad Valenciana;;;;;1;;1.020; N/A ;  ;1.020;380;E407_SEPE;;No ;1996;E407_SEPE;114;0;0;;NO;93;0;93;0;0;0;0;0;0;93;0;0;0;0;0;;;;;;;;;;;;;;;;Valor de referencia no acordado. Valor de referencia no acordado en la zona estática. ;;;;;;;
TORRENTE 220;50606;Comunidad Valenciana;;;;;3;;768; N/A ;  ;768;134;E340_SEPE;;No;971;E340_SEPE;0;0;0;;NO;0;0;0;0;0;0;0;0;0;0;0;0;0;0;0;;;;;;;;;;;;;;;;Valor de referencia no acordado. Valor de referencia no acordado en la zona estática. ;;;;;;;
TORRES DE SEGRE 220;50607;Cataluña;;;;;;;410; N/A ;  ;410;0;E204_SEPE;;Si. Caso b);94;E204_SEPE;37;0;0;0;N/A;34;0;34;0;0;0;0;0;0;34;0;0;0;0;0;;;;;;;;;;;;;;;;Valor de referencia no acordado en la zona estática. ;;;;;;;
TORREVIEJA 220;50768;Comunidad Valenciana;;;;;2;;199; N/A ;  ;199;335;E273_SEPE;155;No;630;E273_SEPE;450;802;0;106;SI;74;0;74;0;0;0;0;0;0;74;0;0;0;0;0;155;0;155;450;450;Est_Dem_Nudo;Din2_Zona;Est_Dem_Nudo;Est_Alm_Nudo;Est_Alm_Nudo;0;0;0;0;0;;155;0;155;450;450;;
TORRIJOS 220;50608;Castilla-La Mancha;;1;;;1;1;79; N/A ;  ;79;468;E212_SEPE;;No;560;E212_SEPE;75;854;0;;NO;39;0;39;0;0;40;40;0;0;39;0;0;0;0;20;;;;;;;;;;;;;;;;Valor de referencia no acordado. ;;;;;;;
TOTANA 400;50609;Región de Murcia;;1;;;1;;269; N/A ;  ;110;1426;N/A;762;No ;2089;N/A;1275;658;0;450;SI;214;159;214;0;0;150;150;0;0;55;159;0;0;0;0;110;0;658;658;658;WSCR_Nudo;Din2_Zona;Din1_Zona;Din1_Zona;Din1_Zona;0;0;0;0;0;;110;0;658;658;658;;
TRANSBADALONA 220;50769;Cataluña;;;;;;;70; N/A ; Superación valor máx Icc ;70;101;E32_SEPE;66;No;341;E32_SEPE;315;0;0;0;N/A;0;0;0;0;0;0;0;0;0;0;0;0;0;0;0;0;0;0;0;0;Din1_Zona;Din2_Zona;Din1_Zona;Din1_Zona;Din1_Zona;0;0;0;0;0;;0;0;0;0;0;;
TRES CANTOS 220;50610;Comunidad de Madrid;;;;;2;;326; N/A ;  ;326;436;E345_SEPE, E376_SEPE;;Si. Caso b);899;E345_SEPE, E376_SEPE;251;0;0;;NO;0;0;0;0;0;0;0;0;0;0;0;0;0;0;0;;;;;;;;;;;;;;;;Valor de referencia no acordado. Valor de referencia no acordado en la zona estática. ;;;;;;;
TRES CANTOS GIS 220;50611;Comunidad de Madrid;;1;;;3;;244; N/A ;  ;244;436;E345_SEPE, E376_SEPE;;No;899;E345_SEPE, E376_SEPE;251;0;0;;NO;0;0;0;0;0;0;0;0;0;0;0;0;0;0;0;;;;;;;;;;;;;;;;Valor de referencia no acordado. Valor de referencia no acordado en la zona estática. ;;;;;;;
TREVAGO 220;50612;Castilla y León;2;1;;;;;0; N/A ;  ;0;380;E338_SEPE;380;No;495;E338_SEPE;414;343;0;0;N/A;0;0;0;0;0;80;80;0;0;0;0;0;0;0;25;0;0;343;343;343;WSCR_Nudo;WSCR_Nudo/Din2_Zona;Din1_Zona;Din1_Zona;Din1_Zona;0;0;0;0;0;;0;0;343;343;343;;
TRILLO 400;50613;Castilla-La Mancha;1;1;;;;;1.085; N/A ;  ;835;2576;E370_SEPE, E371_SEPE;1725;No ;3701;E370_SEPE, E371_SEPE;3201;0;0;0;N/A;250;250;250;0;0;250;250;0;0;0;250;0;0;0;0;0;0;0;0;0;Din1_Zona;Din2_Zona;Din1_Zona;Din1_Zona;Din1_Zona;0;0;0;0;0;;0;0;0;0;0;;
TRILLO 220;50613;Castilla-La Mancha;;;;;2;;28; N/A ;  ;28;143;E44_SEPE;143;No;306;E44_SEPE;306;0;0;0;N/A;0;0;0;0;0;0;0;0;0;0;0;0;0;0;0;0;0;0;0;0;Din1_Zona;Din2_Zona;Din1_Zona;Din1_Zona;Din1_Zona;0;0;0;0;0;;0;0;0;0;0;;
TRINITAT 220;50614;Cataluña;;;;;3;;116; N/A ;  ;116;199;N/A;45;No;534;N/A;381;0;0;153;SI;0;0;0;0;0;0;0;0;0;0;0;0;0;0;0;0;0;0;0;0;Din1_Zona;Din2_Zona;Din1_Zona;Din1_Zona;Din1_Zona;0;0;0;0;0;;0;0;0;0;0;;
TRIVES 400;50615;Galicia;;;;;;;1.041; N/A ;  ;1.041;1182;N/A;1182;No;2807;N/A;2807;61;0;0;N/A;0;0;0;0;0;0;0;0;0;0;0;0;0;0;0;61;0;61;61;61;Din1_Zona;Din2_Zona;Din1_Zona;Din1_Zona;Din1_Zona;0;0;0;0;0;;61;0;61;61;61;;
TRIVES 220;50615;Galicia;;1;;;2;;308; N/A ;  ;308;1024;N/A;924;No;1825;N/A;1725;710;0;100;SI;0;0;0;0;0;0;0;0;0;0;0;0;0;0;0;308;0;710;710;710;WSCR_Nudo;Din2_Zona;Din1_Zona;Din1_Zona;Din1_Zona;0;0;0;0;0;;308;0;710;710;710;;
TRUJILLO 220;50616;Extremadura;1;;;;1;1;108; N/A ;  ;108;717;E385_SEPE;;No;1006;E385_SEPE;0;1070;0;;NO;0;0;0;0;0;0;0;0;0;0;0;0;0;200;118;;;;;;;;;;;;;;;;Valor de referencia no acordado. Valor de referencia no acordado en la zona estática. ;;;;;;;
TUDELA 220;50617;Comunidad Foral de Navarra;;1;;;2;;269; N/A ;  ;256;478;N/A;296;No;781;N/A;599;0;0;169;SI;13;13;13;0;0;0;0;0;0;0;13;0;0;0;0;0;0;0;0;0;Din1_Zona;Din2_Zona;Din1_Zona;Din1_Zona;Din1_Zona;0;0;0;0;0;;0;0;0;0;0;;
UNINSA 220;50619;Principado de Asturias;;;2;;;;61; N/A ;  ;61;296;E7_SEPE, E365_SEPE;;Si. Caso b);490;E7_SEPE, E365_SEPE;0;1050;0;0;N/A;0;0;0;0;0;0;0;0;0;0;0;0;0;0;0;;;;;;;;;;;;;;;;Valor de referencia no acordado en la zona estática. ;;;;;;;
URGELL 220;50620;Cataluña;;;;;4;;352; N/A ;  ;352;148;E31_SEPE;6;No;554;E31_SEPE;405;0;0;130;SI;0;0;0;0;0;0;0;0;0;0;0;0;0;0;0;0;0;0;0;0;Din1_Zona;Din2_Zona;Din1_Zona;Din1_Zona;Din1_Zona;0;0;0;0;0;;0;0;0;0;0;;
VAGUADAS 220;50621;Extremadura;1;;;;2;;240; N/A ;  ;240;238;E348_SEPE, E384_SEPE;78;No;350;E348_SEPE, E384_SEPE;191;1300;0;159;SI;0;0;0;0;0;0;0;0;0;0;0;0;0;0;0;78;0;78;191;191;Est_Dem_Nudo;Din2_Zona;Est_Dem_Nudo;Est_Alm_Nudo;Est_Alm_Nudo;0;0;0;0;0;;78;0;78;191;191;;
VALDECABALLEROS 400;50622;Extremadura;1;;;;1;;367; N/A ;  ;367;417;N/A;191;No ;3024;N/A;2280;0;0;225;SI;1;0;1;0;0;518;518;0;0;1;0;0;0;0;0;0;0;0;0;0;Din1_Zona;Din2_Zona;Din1_Zona;Din1_Zona;Din1_Zona;0;0;0;0;0;;0;0;0;0;0;;
VALDECARRETAS 400;50623;Castilla y León;;1;;;;;686; N/A ;  ;686;637;N/A;614;No ;1255;N/A;1193;0;0;0;N/A;23;0;23;0;0;40;40;0;0;23;0;0;0;0;0;0;0;0;0;0;Din1_Zona;Din2_Zona;Din1_Zona;Din1_Zona;Din1_Zona;0;0;0;0;0;;0;0;0;0;0;;
VALDECONEJOS 220;50770;Aragón;2;;;;;;3; N/A ;  ;3;409;E397_SEPE;391;No;526;E397_SEPE;425;0;0;0;N/A;1;0;1;0;0;59;59;0;0;1;0;0;0;0;17;0;0;0;0;0;Din1_Zona;Din2_Zona;Din1_Zona;Din1_Zona;Din1_Zona;0;0;0;0;0;;0;0;0;0;0;;
VALDEMORO 220;50624;Comunidad de Madrid;;1;;;3;;394; N/A ;  ;394;540;E215_SEPE;197;No;782;E215_SEPE;258;0;0;310;SI;0;0;0;0;0;0;0;0;0;0;0;0;0;0;0;0;0;0;0;0;Din1_Zona;Din2_Zona;Din1_Zona;Din1_Zona;Din1_Zona;0;0;0;0;0;;0;0;0;0;0;;
VALL D'UXO 220;50625;Comunidad Valenciana;;1;;;1;;24; N/A ;  ;24;204;E35_SEPE, E183_SEPE;;No;367;E35_SEPE, E183_SEPE;0;1032;0;;NO;0;0;0;0;0;172;172;0;0;0;0;0;0;0;100;;;;;;;;;;;;;;;;Valor de referencia no acordado. Valor de referencia no acordado en la zona estática. ;;;;;;;
VALLADOLID NUEVO 220;50626;Castilla y León;;1;;;3;;255; N/A ;  ;255;211;E409_SEPE;;No;292;E409_SEPE;0;1167;0;150;SI;0;0;0;0;0;0;0;0;0;0;0;0;0;0;60;;;;;;;;;;;;;;;;Valor de referencia no acordado en la zona estática. ;;;;;;;
VALLDIGNA 220;50627;Comunidad Valenciana;;;;;3;;448; N/A ;  ;448;355;E240_SEPE;;No;497;E240_SEPE;78;665;0;55;SI;0;0;0;0;0;0;0;0;0;0;0;0;0;0;0;;;;;;;;;;;;;;;;Valor de referencia no acordado en la zona estática. ;;;;;;;
VALLDURGENT 220;50628;Islas Baleares;;;;;;;20; N/A ; Riesgo interacciones ;20;121;N/A;121;No;188;N/A;188;0;0;0;N/A;0;0;0;0;0;0;0;0;0;0;0;0;0;0;0;0;0;0;0;0;Din1_Zona;Din2_Zona;Din1_Zona;Din1_Zona;Din1_Zona;0;0;0;0;0;;0;0;0;0;0;;
VALLDURGENT 66;50628;Islas Baleares;;;;;;;146; N/A ; Riesgo interacciones ;146;121;N/A;121;No;143;N/A;143;0;0;0;N/A;0;0;0;0;0;0;0;0;0;0;0;0;0;0;0;0;0;0;0;0;Din1_Zona;Din2_Zona;Din1_Zona;Din1_Zona;Din1_Zona;0;0;0;0;0;;0;0;0;0;0;;
VALLE DE ARIDANE 66;50629;Canarias;;;;;2;;15; N/A ;  ;15;30;N/A;9;Si. Caso b);32;N/A;11;0;0;21;SI;0;0;0;0;0;0;0;0;0;0;0;0;0;0;0;0;0;0;0;0;Din1_Zona;Din2_Zona;Din1_Zona;Din1_Zona;Din1_Zona;0;0;0;0;0;;0;0;0;0;0;;
VALLE DEL ARCIPRESTE 220;50630;Comunidad de Madrid;;;;;2;;691; N/A ;  ;691;38;E379_SEPE;;No;469;E379_SEPE;357;0;0;;NO;0;0;0;0;0;0;0;0;0;0;0;0;0;0;0;;;;;;;;;;;;;;;;Valor de referencia no acordado. Valor de referencia no acordado en la zona estática. ;;;;;;;
VALLE DEL CARCER 220;50631;Comunidad Valenciana;;1;;;2;;257; N/A ;  ;257;697;E240_SEPE;;No;981;E240_SEPE;78;665;0;87;SI;0;0;0;0;0;0;0;0;0;0;0;0;0;0;0;;;;;;;;;;;;;;;;Valor de referencia no acordado en la zona estática. ;;;;;;;
VALLECAS 220;50632;Comunidad de Madrid;;1;;;5;;125; N/A ;  ;125;214;E43_SEPE;;No;225;E43_SEPE;0;0;0;;NO;0;0;0;0;0;0;0;0;0;0;0;0;0;0;0;;;;;;;;;;;;;;;;Valor de referencia no acordado. Valor de referencia no acordado en la zona estática. ;;;;;;;
VALLEJERA 220;50633;Castilla y León;1;;;;;;3; N/A ;  ;3;481;N/A;481;No;617;N/A;591;1143;0;0;N/A;0;0;0;0;0;26;26;0;0;0;0;0;0;0;218;3;0;481;591;591;WSCR_Nudo;Din2_Zona;Est_Dem_Nudo;Est_Alm_Nudo;Est_Alm_Nudo;0;0;0;0;0;;3;0;481;591;591;;
VALLITOS 220;50634;Canarias;;1;;;;;126; N/A ;  ;126;125;N/A;125;No;202;N/A;202;53;0;0;N/A;0;0;0;0;0;0;0;0;0;0;0;0;0;0;0;53;0;53;53;53;Din1_Zona;Din2_Zona;Din1_Zona;Din1_Zona;Din1_Zona;0;0;0;0;0;;53;0;53;53;53;;
VALLITOS 66;50634;Canarias;;;;;;1;46; N/A ;  ;46;137;N/A;97;No;173;N/A;133;53;0;40;SI;0;0;0;0;0;0;0;0;0;0;0;0;0;0;0;46;0;53;53;53;WSCR_Nudo;Din2_Zona;Din1_Zona;Din1_Zona;Din1_Zona;0;0;0;0;0;;46;0;53;53;53;;
VALPARAISO 220;50635;Castilla y León;1;;;;;;267; N/A ;  ;267;380;N/A;380;Si. Caso b);540;N/A;473;1193;0;0;N/A;0;0;0;0;0;68;68;0;0;0;0;0;0;0;0;267;0;380;473;473;WSCR_Nudo;Din2_Zona;Est_Dem_Nudo;Est_Alm_Nudo;Est_Alm_Nudo;0;0;0;0;0;;267;0;380;473;473;;
VANDELLOS 400;50636;Cataluña;4;1;;1;1;;1.311; N/A ;  ;1.311;436;N/A;174;No;3344;N/A;3082;0;0;244;SI;18;0;18;0;0;0;0;0;0;18;0;0;0;125;0;0;0;0;0;0;Din1_Zona;Din2_Zona;Din1_Zona;Din1_Zona;Din1_Zona;0;0;0;0;0;;0;0;0;0;0;SI;
VANDELLOS CN 220;50637;Cataluña;;;;;;;9; N/A ;  ;9;33;E29_SEPE;;Si. Caso b);100;E29_SEPE;100;0;0;0;N/A;0;0;0;0;0;0;0;0;0;0;0;0;0;0;0;;;;;;;;;;;;;;;;Valor de referencia no acordado en la zona estática. ;;;;;;;
VELILLA 400;50638;Castilla y León;1;2;;;;;393; N/A ;  ;393;1431;E337_SEPE, E383_SEPE;287;No;1810;E337_SEPE, E383_SEPE;1305;134;0;0;N/A;0;0;0;0;0;179;179;0;0;0;0;0;0;40;0;134;0;134;134;134;Din1_Zona;Din2_Zona;Din1_Zona;Din1_Zona;Din1_Zona;0;0;0;0;0;;134;0;134;134;134;;
VELLE 220;50639;Galicia;2;;;;2;;365; N/A ;  ;365;259;E174_SEPE;219;No;462;E174_SEPE;422;1300;0;40;SI;0;0;0;0;0;0;0;0;0;0;0;0;0;0;0;219;0;219;422;422;Est_Dem_Nudo;Din2_Zona;Est_Dem_Nudo;Est_Alm_Nudo;Est_Alm_Nudo;0;0;0;0;0;;219;0;219;422;422;;
VENTA INES 220;50640;Castilla-La Mancha;;;;;;;290; N/A ;  ;290;146;E191_SEPE;26;Si. Caso b);394;E191_SEPE;33;1220;0;0;N/A;53;0;53;0;0;0;0;0;0;53;0;0;0;0;0;26;0;26;33;33;Est_Dem_Zona;Din2_Zona;Est_Dem_Zona;Est_Alm_Zona;Est_Alm_Zona;0;0;0;0;0;;26;0;26;33;33;;
VENTAS DEL BATAN 220;50642;Comunidad de Madrid;;1;;;8;;953; N/A ;  ;953;81;E373_SEPE;;No;625;E373_SEPE;0;0;0;;NO;0;0;0;0;0;0;0;0;0;0;0;0;0;0;0;;;;;;;;;;;;;;;;Valor de referencia no acordado. Valor de referencia no acordado en la zona estática. ;;;;;;;
VENTILLA 220;51332;Andalucía;;;;;;1;227; N/A ;  ;227;116;E387_SEPE;;No;364;E387_SEPE;258;1133;0;;NO;0;0;0;0;0;0;0;0;0;0;0;0;0;0;0;;;;;;;;;;;;;;;;Valor de referencia no acordado. Valor de referencia no acordado en la zona estática. ;;;;;;;
VERNEDA 220;51346;Cataluña;;;;;;2;66; N/A ; Superación valor máx Icc ;66;93;E352_SEPE;29;No;440;E352_SEPE;377;0;0;63;SI;0;0;0;0;0;0;0;0;0;0;0;0;0;0;0;0;0;0;0;0;Din1_Zona;Din2_Zona;Din1_Zona;Din1_Zona;Din1_Zona;0;0;0;0;0;;0;0;0;0;0;;
VIANA 400;51446;Galicia;;6;;;;;748; N/A ;  ;748;725;N/A;725;No ;1764;N/A;1764;482;0;0;N/A;0;0;0;0;0;0;0;0;0;0;0;0;0;0;0;482;0;482;482;482;Din1_Zona;Din2_Zona;Din1_Zona;Din1_Zona;Din1_Zona;0;0;0;0;0;;482;0;482;482;482;;
VIC 400;50643;Cataluña;;;;;;;770; N/A ;  ;770;247;N/A;247;No;1476;N/A;1476;0;0;0;N/A;0;0;0;0;0;0;0;0;0;0;0;0;0;0;0;0;0;0;0;0;Din1_Zona;Din2_Zona;Din1_Zona;Din1_Zona;Din1_Zona;0;0;0;0;0;;0;0;0;0;0;;
VIC 220;50643;Cataluña;;1;;;8;;563; N/A ;  ;563;478;N/A;78;No;2053;N/A;1653;0;0;400;SI;0;0;0;0;0;0;0;0;0;0;0;0;0;0;0;0;0;0;0;0;Din1_Zona;Din2_Zona;Din1_Zona;Din1_Zona;Din1_Zona;0;0;0;0;0;;0;0;0;0;0;;
VILADECANS 400;50644;Cataluña;;;;;;;968; N/A ;  ;968;949;N/A;949;Si. Caso c);1300;N/A;1300;0;0;0;N/A;0;0;0;0;0;0;0;0;0;0;0;0;0;0;0;0;0;0;0;0;Din1_Zona;Din2_Zona;Din1_Zona;Din1_Zona;Din1_Zona;0;0;0;0;0;;0;0;0;0;0;;
VILADECANS 220;50644;Cataluña;;;;;7;;598; W14_SEPE_BIN ;  ;598;168;E156_SEPE_Bin;;No;482;E156_SEPE_Bin;243;0;0;;NO;0;0;0;0;0;0;0;0;0;0;0;0;0;0;0;;;;;;;;;;;;;;;;Valor de referencia no acordado. ;;;;;;;
VILADECANS (VILADECANS B) 220;50644;Cataluña;;;;;;;598; W14_SEPE_BIN ;  ;598;103;E156_SEPE_Bin;;No;580;E156_SEPE_Bin;580;0;0;0;N/A;0;0;0;0;0;0;0;0;0;0;0;0;0;0;0;;;;;;;;;;;;;;;;Valor de referencia no acordado en la zona estática. ;;;;;;;
VILANOVA 220;50645;Cataluña;;;;;5;;66; N/A ;  ;66;204;E405_SEPE;;No;564;E405_SEPE;215;0;0;;NO;0;0;0;0;0;0;0;0;0;0;0;0;0;0;0;;;;;;;;;;;;;;;;Valor de referencia no acordado. Valor de referencia no acordado en la zona estática. ;;;;;;;
VILECHA 400;50646;Castilla y León;;1;;;1;1;399; N/A ;  ;399;955;N/A;655;Si. Caso c);1505;N/A;1205;446;0;300;SI;0;0;0;0;0;0;0;0;0;0;0;0;0;40;0;399;0;446;446;446;WSCR_Nudo;Din2_Zona;Din1_Zona;Din1_Zona;Din1_Zona;399;0;446;446;446;Nudo de concurso. ;0;0;0;0;0;SI;
VILLABLINO 220;50647;Castilla y León;;;;;1;;227; N/A ;  ;227;234;E177_SEPE;73;Si. Caso b);274;E177_SEPE;174;1300;0;100;SI;0;0;0;0;0;0;0;0;0;0;0;0;0;0;0;73;0;73;174;174;Est_Dem_Zona;Din2_Zona;Est_Dem_Zona;Est_Alm_Nudo;Est_Alm_Nudo;0;0;0;0;0;;73;0;73;174;174;;
VILLALBILLA 220;50648;Castilla y León;1;1;;;2;;72; N/A ;  ;72;985;N/A;625;No;1230;N/A;870;913;0;360;SI;0;0;0;0;0;0;0;0;0;0;0;0;0;0;0;72;0;625;870;870;WSCR_Nudo;Din2_Zona;Est_Dem_Nudo;Est_Alm_Nudo;Est_Alm_Nudo;0;0;0;0;0;;72;0;625;870;870;;
VILLALCAMPO 220;50649;Castilla y León;1;;;;1;;582; N/A ;  ;582;383;N/A;183;No;505;N/A;305;1116;0;200;SI;0;0;0;0;0;0;0;0;0;0;0;0;0;0;0;183;0;183;305;305;Est_Dem_Nudo;Din2_Zona;Est_Dem_Nudo;Est_Alm_Nudo;Est_Alm_Nudo;0;0;0;0;0;;183;0;183;305;305;;
VILLAMAYOR 220;50650;Castilla y León;;;;;2;;154; N/A ;  ;154;274;E179_SEPE;;No;454;E179_SEPE;30;1280;0;;NO;18;0;18;0;0;0;0;0;0;18;0;0;0;0;0;;;;;;;;;;;;;;;;Valor de referencia no acordado. ;;;;;;;
VILLAMECA 400;50651;Castilla y León;1;1;;;;;173; N/A ;  ;173;714;E398_SEPE;536;No ;1283;E398_SEPE;829;48;0;0;N/A;0;0;0;0;0;40;40;0;0;0;0;0;0;0;0;48;0;48;48;48;Din1_Zona;Din2_Zona;Din1_Zona;Din1_Zona;Din1_Zona;0;0;0;0;0;;48;0;48;48;48;;
VILLANUEVA DE GALLEGO 220;50652;Aragón;;1;;2;3;;450; N/A ;  ;450;585;E22_SEPE;125;No;895;E22_SEPE;435;0;0;310;SI;0;0;0;0;0;0;0;0;0;0;0;0;0;550;48;0;0;0;0;0;Din1_Zona;Din2_Zona;Din1_Zona;Din1_Zona;Din1_Zona;0;0;0;0;0;;0;0;0;0;0;SI;
VILLANUEVA DE LOS ESCUDEROS 400;50653;Castilla-La Mancha;1;;;;;;591; N/A ;  ;572;2062;E371_SEPE;1971;No ;3039;E371_SEPE;2648;0;0;0;N/A;91;19;91;0;0;300;300;0;0;72;19;0;0;0;0;0;0;0;0;0;Din1_Zona;Din2_Zona;Din1_Zona;Din1_Zona;Din1_Zona;0;0;0;0;0;;0;0;0;0;0;;
VILLANUEVA DEL REY 400;50654;Andalucía;;1;;;;;786; N/A ;  ;786;729;N/A;729;No ;828;N/A;828;861;0;0;N/A;0;0;0;0;0;0;0;0;0;0;0;0;0;43;0;729;0;729;828;828;Est_Dem_Nudo;Din2_Zona;Est_Dem_Nudo;Est_Alm_Nudo;Est_Alm_Nudo;729;0;729;828;828;Nudo de concurso. ;0;0;0;0;0;SI;
VILLANUEVA DEL REY 220;50654;Andalucía;1;;;;2;;413; N/A ;  ;413;773;N/A;602;No ;864;N/A;693;1263;0;171;SI;0;0;0;0;0;0;0;0;0;0;0;0;0;22;67;413;0;602;693;693;WSCR_Nudo;Din2_Zona;Est_Dem_Nudo;Est_Alm_Nudo;Est_Alm_Nudo;413;0;602;693;693;Nudo de concurso. ;0;0;0;0;0;SI;
VILLARES DEL SAZ 220;50655;Castilla-La Mancha;;1;;;2;;103; N/A ;  ;103;249;E197_SEPE, E388_SEPE;;No;279;E197_SEPE, E388_SEPE;0;1300;0;;NO;0;0;0;0;0;0;0;0;0;0;0;0;0;0;0;;;;;;;;;;;;;;;;Valor de referencia no acordado. Valor de referencia no acordado en la zona estática. ;;;;;;;
VILLARINO 400;50656;Castilla y León;;;;;;;1.179; N/A ;  ;1.179;10;N/A;10;No ;1592;N/A;1592;0;0;0;N/A;0;0;0;0;0;0;0;0;0;0;0;0;0;0;0;0;0;0;0;0;Din1_Zona;Din2_Zona;Din1_Zona;Din1_Zona;Din1_Zona;0;0;0;0;0;;0;0;0;0;0;;
VILLARINO 220;50656;Castilla y León;6;1;;;;1;748; N/A ;  ;748;933;N/A;833;No;2372;N/A;1462;0;0;100;SI;0;0;0;0;0;810;810;0;0;0;0;0;0;0;0;0;0;0;0;0;Din1_Zona;Din2_Zona;Din1_Zona;Din1_Zona;Din1_Zona;0;0;0;0;0;;0;0;0;0;0;;
VILLATORO 220;51306;Castilla y León;;;;;;1;377; N/A ;  ;377;105;N/A;5;No;171;N/A;71;926;0;100;SI;0;0;0;0;0;0;0;0;0;0;0;0;0;0;0;5;0;5;71;71;Est_Dem_Nudo;Din2_Zona;Est_Dem_Nudo;Est_Alm_Nudo;Est_Alm_Nudo;0;0;0;0;0;;5;0;5;71;71;;
VILLAVERDE 220;50658;Comunidad de Madrid;;;;;2;;942; W15_SEPE_BIN ;  ;942;33;E168_SEPE_Bin, E389_SEPE;;No;593;E168_SEPE_Bin, E389_SEPE;0;0;0;0;N/A;0;0;0;0;0;0;0;0;0;0;0;0;0;0;0;;;;;;;;;;;;;;;;Valor de referencia no acordado en la zona estática. ;;;;;;;
VILLAVERDE BAJO (VILLAVERDE BAJO B) 220;50659;Comunidad de Madrid;;;;;2;;989; W15_SEPE_BIN ;  ;989;47;E168_SEPE_Bin;;No;683;E168_SEPE_Bin;325;0;0;;NO;32;0;32;0;0;0;0;0;0;32;0;0;0;0;0;;;;;;;;;;;;;;;;Valor de referencia no acordado. ;;;;;;;
VILLAVICIOSA 400;50660;Comunidad de Madrid;;1;;;;;1.260; N/A ;  ;1.047;240;N/A;27;No ;1882;N/A;1532;0;0;0;N/A;213;213;213;0;0;137;137;0;0;0;213;0;0;0;20;0;0;0;0;0;Din1_Zona;Din2_Zona;Din1_Zona;Din1_Zona;Din1_Zona;0;0;0;0;0;;0;0;0;0;0;;
VILLAVICIOSA 220;50660;Comunidad de Madrid;;1;;;1;;869; W16_SEPE_BIN ;  ;869;164;E164_SEPE_Bin, E390_SEPE;;No;673;E164_SEPE_Bin, E390_SEPE;0;0;0;;NO;0;0;0;0;0;0;0;0;0;0;0;0;0;0;0;;;;;;;;;;;;;;;;Valor de referencia no acordado. Valor de referencia no acordado en la zona estática. ;;;;;;;
VILLAVICIOSA (VILLAVICIOSA B) 220;50660;Comunidad de Madrid;;;;;;;800; W16_SEPE_BIN ;  ;800;0;E164_SEPE_Bin, E378_SEPE;;No;544;E164_SEPE_Bin, E378_SEPE;536;0;0;0;N/A;0;0;0;0;0;0;0;0;0;0;0;0;0;0;0;;;;;;;;;;;;;;;;Valor de referencia no acordado en la zona estática. ;;;;;;;
VILLIMAR 220;50661;Castilla y León;1;;;;2;;2; N/A ;  ;2;646;E178_SEPE;396;No;933;E178_SEPE;564;926;0;250;SI;0;0;0;0;0;0;0;0;0;0;0;0;0;0;276;2;0;396;564;564;WSCR_Nudo;Din2_Zona;Est_Dem_Nudo;Est_Alm_Zona;Est_Alm_Zona;0;0;0;0;0;;2;0;396;564;564;;
VIMIANZO 220;50662;Galicia;;;;;1;;123; N/A ;  ;123;558;E410_SEPE;140;Si. Caso b);658;E410_SEPE;140;1300;0;300;SI;0;0;0;0;0;0;0;0;0;0;0;0;0;0;0;123;0;140;140;140;WSCR_Nudo;Din2_Zona;Est_Dem_Zona;Est_Alm_Zona;Est_Alm_Zona;0;0;0;0;0;;123;0;140;140;140;;
VIRGEN DE AFRICA 132;51417;Ceuta;;;;;;2;36; N/A ;  ;36;150;E349_SEPE;150;No;1118;E349_SEPE;1118;0;0;0;N/A;0;0;0;0;0;0;0;0;0;0;0;0;0;0;0;0;0;0;0;0;Din1_Zona;Din2_Zona;Din1_Zona;Din1_Zona;Din1_Zona;0;0;0;0;0;;0;0;0;0;0;;
VIRTUS 400;50461;Castilla y León;1;1;;;;;255; N/A ;  ;255;418;N/A;418;No ;986;N/A;986;622;0;0;N/A;0;0;0;0;0;0;0;0;0;0;0;0;0;0;0;255;0;418;622;622;WSCR_Nudo;Din2_Zona;Est_Dem_Nudo;Din1_Zona;Din1_Zona;0;0;0;0;0;;255;0;418;622;622;;
VITORIA 400;50462;País Vasco;;1;;;;;569; N/A ;  ;569;984;E408_SEPE;677;No;1265;E408_SEPE;1029;830;0;0;N/A;42;1;42;0;0;0;0;0;0;42;1;0;0;0;0;569;0;677;830;830;WSCR_Nudo;Din2_Zona;Est_Dem_Zona;Din1_Zona;Din1_Zona;0;0;0;0;0;;569;0;677;830;830;;
VITORIA 220;50462;País Vasco;;1;;;2;;254; N/A ; Superación valor máx Icc ;253;674;E335_SEPE;;No;925;E335_SEPE;645;809;0;110;SI;1;1;1;0;0;0;0;0;0;0;1;0;0;0;0;;;;;;;;;;;;;;;;Valor de referencia no acordado en la zona estática. ;;;;;;;
XOVE 400;50463;Galicia;;2;2;;;;666; N/A ;  ;666;1045;N/A;577;No ;1540;N/A;1072;243;0;0;N/A;469;0;469;0;0;0;0;0;0;469;0;0;0;0;0;243;0;243;243;243;Din1_Zona;Din2_Zona;Din1_Zona;Din1_Zona;Din1_Zona;0;0;0;0;0;;243;0;243;243;243;;
ZAL 220;50464;Cataluña;;;1;;2;;352; N/A ;  ;352;91;E402_SEPE;;No;339;E402_SEPE;0;0;0;;NO;51;0;51;0;0;0;0;0;0;51;0;0;0;0;0;;;;;;;;;;;;;;;;Valor de referencia no acordado. Valor de referencia no acordado en la zona estática. ;;;;;;;
ZAMORA 220;50465;Castilla y León;;1;;;2;;145; N/A ;  ;144;200;N/A;0;No;267;N/A;0;989;0;152;SI;1;1;1;0;0;178;178;0;0;0;1;0;0;0;0;0;0;0;0;0;Est_Dem_Nudo;Est_Dem_Nudo/Din2_Zona;Est_Dem_Nudo;Est_Alm_Nudo;Est_Alm_Nudo;0;0;0;0;0;;0;0;0;0;0;;
ZAMUDIO 220;50466;País Vasco;;;1;;2;;435; N/A ;  ;435;28;N/A;;No;392;N/A;261;1044;0;;NO;0;0;0;0;0;0;0;0;0;0;0;0;0;0;0;;;;;;;;;;;;;;;;Valor de referencia no acordado. ;;;;;;;
ZARATAN 220;50467;Castilla y León;;1;;;2;1;55; N/A ;  ;43;237;E409_SEPE;;No;324;E409_SEPE;0;1091;0;200;SI;12;12;12;0;0;76;76;0;0;0;12;0;0;0;0;;;;;;;;;;;;;;;;Valor de referencia no acordado en la zona estática. ;;;;;;;
ZARZON 400;51278;Extremadura;;1;;;;;13; N/A ;  ;3;1110;N/A;1100;No ;1683;N/A;1673;1290;0;0;N/A;10;10;10;0;0;0;0;0;0;0;10;0;0;0;0;3;0;1100;1290;1290;WSCR_Nudo;Din2_Zona;Est_Dem_Nudo;Din1_Zona;Din1_Zona;0;0;0;0;0;;3;0;1100;1290;1290;;
ZIERBENA 400;50468;País Vasco;3;;;;;;545; N/A ;  ;545;1300;E391_SEPE;777;No ;2491;E391_SEPE;2005;0;0;0;N/A;0;0;0;0;0;0;0;0;0;0;0;0;0;0;50;0;0;0;0;0;Din1_Zona;Din2_Zona;Din1_Zona;Din1_Zona;Din1_Zona;0;0;0;0;0;;0;0;0;0;0;;
ZONA FRANCA 220;50469;Cataluña;2;;;;;;403; N/A ;  ;403;44;E402_SEPE;;No;284;E402_SEPE;0;0;0;0;N/A;10;0;10;0;0;0;0;0;0;10;0;0;0;440;0;;;;;;;;;;;;;;;;Valor de referencia no acordado en la zona estática. ;;;;;;SI;
ZUMARRAGA 220;50470;País Vasco;;;2;;;;566; N/A ;  ;566;15;N/A;15;Si. Caso b);356;N/A;356;840;0;0;N/A;0;0;0;0;0;0;0;0;0;0;0;0;0;0;0;15;0;15;356;356;Est_Dem_Nudo;Din2_Zona;Est_Dem_Nudo;Est_Alm_Nudo;Est_Alm_Nudo;0;0;0;0;0;;15;0;15;356;356;;
ZUZONES 400;52085;Castilla y León;;;;;;1;497; N/A ;  ;497;570;N/A;270;No ;1130;N/A;830;1066;0;300;SI;0;0;0;0;0;0;0;0;0;0;0;0;0;0;0;270;0;270;830;830;Est_Dem_Nudo;Din2_Zona;Est_Dem_Nudo;Est_Alm_Nudo;Est_Alm_Nudo;0;0;0;0;0;;270;0;270;830;830;;
